-- phpMyAdmin SQL Dump
-- version 5.0.2
-- https://www.phpmyadmin.net/
--
-- Host: localhost
-- Generation Time: Aug 23, 2021 at 09:50 PM
-- Server version: 5.7.34
-- PHP Version: 7.4.21

SET SQL_MODE = "NO_AUTO_VALUE_ON_ZERO";
START TRANSACTION;
SET time_zone = "+00:00";


/*!40101 SET @OLD_CHARACTER_SET_CLIENT=@@CHARACTER_SET_CLIENT */;
/*!40101 SET @OLD_CHARACTER_SET_RESULTS=@@CHARACTER_SET_RESULTS */;
/*!40101 SET @OLD_COLLATION_CONNECTION=@@COLLATION_CONNECTION */;
/*!40101 SET NAMES utf8mb4 */;

--
-- Database: `pet_rescue_db`
--

-- --------------------------------------------------------

--
-- Table structure for table `breed_image`
--

CREATE TABLE `breed_image` (
  `image_id` int(11) NOT NULL,
  `breed_id` int(11) NOT NULL,
  `path` varchar(256) NOT NULL,
  `alt_text` varchar(64) NOT NULL,
  `image_active` bit(1) NOT NULL,
  `main_image` bit(1) NOT NULL,
  `width` int(11) NOT NULL,
  `height` int(11) NOT NULL
) ENGINE=InnoDB DEFAULT CHARSET=utf8;

--
-- Dumping data for table `breed_image`
--

INSERT INTO `breed_image` (`image_id`, `breed_id`, `path`, `alt_text`, `image_active`, `main_image`, `width`, `height`) VALUES
(1, 71, '/images/breeds/11b60d8d86f14a601ca290909a17cbc6.jpg', 'Affenpinscher example image', b'1', b'1', 540, 540),
(2, 71, '/images/breeds/b9e9ce2495d96099fc799022fc074d0b.jpg', 'Affenpinscher example image', b'1', b'0', 540, 540),
(3, 71, '/images/breeds/b957aa0e8dc0628b09708213e9640a2f.jpg', 'Affenpinscher example image', b'1', b'0', 540, 540),
(4, 71, '/images/breeds/54fc3e6172a6202d1c66ccc9ac3d4aff.jpg', 'Affenpinscher example image', b'1', b'0', 540, 540),
(5, 71, '/images/breeds/100f347ec78a42a9e7c2418e4beb3f6a.jpg', 'Affenpinscher example image', b'1', b'0', 540, 540),
(6, 12, '/images/breeds/2a058ce4bb6189960e142d2ee9115ca8.jpg', 'Afghan Hound example image', b'1', b'1', 540, 540),
(7, 12, '/images/breeds/3c4172f7dd8d5c7fd9a7ef6ea307eb42.jpg', 'Afghan Hound example image', b'1', b'0', 540, 540),
(8, 12, '/images/breeds/47fac4532022386b1db133b01c0c0b75.jpg', 'Afghan Hound example image', b'1', b'0', 540, 540),
(9, 12, '/images/breeds/1dc74ff3e3b700d8037f6670808afa85.jpg', 'Afghan Hound example image', b'1', b'0', 540, 540),
(10, 12, '/images/breeds/0a4f1e17d720cdff35814651402b7cf4.jpg', 'Afghan Hound example image', b'1', b'0', 540, 540),
(11, 1, '/images/breeds/Akita-standing-outdoors.jpg', 'Akita example image', b'1', b'0', 540, 540),
(12, 1, '/images/breeds/dog_japanese-akita_desktop.jpg', 'Akita example image', b'1', b'0', 540, 540),
(13, 1, '/images/breeds/akita-i37.jpg', 'Akita example image', b'1', b'0', 540, 540),
(14, 1, '/images/breeds/Akita-Japanese.jpg', 'Akita example image', b'1', b'0', 540, 540),
(15, 1, '/images/breeds/1200px-Akita_Inu_dog.jpg', 'Akita example image', b'1', b'1', 540, 540),
(16, 29, '/images/breeds/953aad8d1b43596857b4b558804e751b.jpg', 'Australian Shepherd example image', b'1', b'1', 540, 540),
(17, 29, '/images/breeds/b3bcaf1fea645fbad288f546fd18cc64.jpg', 'Australian Shepherd example image', b'1', b'0', 540, 540),
(18, 29, '/images/breeds/62fafcfb15356f723cdf6de553e83efd.jpg', 'Australian Shepherd example image', b'1', b'0', 540, 540),
(19, 29, '/images/breeds/01b09bdac592b0eb9909dd105314ad3a.jpg', 'Australian Shepherd example image', b'1', b'0', 540, 540),
(20, 29, '/images/breeds/693f4cd00978df07e1283d3da4d02e0c.jpg', 'Australian Shepherd example image', b'1', b'0', 540, 540),
(21, 51, '/images/breeds/2c5c6ed3fac9666d5ef89ab3931f6785.jpg', 'Australian Terrier example image', b'1', b'0', 540, 540),
(22, 51, '/images/breeds/5de0c02ceacc7a724f48c12a2d6489db.jpg', 'Australian Terrier example image', b'1', b'0', 540, 540),
(23, 51, '/images/breeds/16fd2ee2057012b1d3db46e219a4d022.jpg', 'Australian Terrier example image', b'1', b'0', 540, 540),
(24, 51, '/images/breeds/0f04466edd10d6c1d27e123399cf4433.jpg', 'Australian Terrier example image', b'1', b'1', 540, 540),
(25, 51, '/images/breeds/6190f035170a14652b0b1942cb12c954.jpg', 'Australian Terrier example image', b'1', b'0', 540, 540),
(26, 52, '/images/breeds/a2319a41db4e46818b7e9785cc9debd9.jpg', 'Basenji example image', b'1', b'0', 540, 540),
(27, 52, '/images/breeds/2ff404cb6bdf5a20351b3db40a4584ff.jpg', 'Basenji example image', b'1', b'1', 540, 540),
(28, 52, '/images/breeds/e42d24760fcb9e6273a29e2f083ba9b6.jpg', 'Basenji example image', b'1', b'0', 540, 540),
(29, 52, '/images/breeds/1493bf7f5cb1ca62b4e0772d9edc702e.jpg', 'Basenji example image', b'1', b'0', 540, 540),
(30, 52, '/images/breeds/81662662eb22135f0438459487722f98.jpg', 'Basenji example image', b'1', b'0', 540, 540),
(31, 30, '/images/breeds/5f49abbd269cee0dffc6bcde1daa6bd3.jpg', 'Basset Hound example image', b'1', b'0', 540, 540),
(32, 30, '/images/breeds/2ac0b174eeeffdca774c0731da5d736a.jpg', 'Basset Hound example image', b'1', b'0', 540, 540),
(33, 30, '/images/breeds/fc518958bdeda396c5431d8a8ec319df.jpg', 'Basset Hound example image', b'1', b'0', 540, 540),
(34, 30, '/images/breeds/eccc1f78f99e1f5fc1fa618be4ae7f67.jpg', 'Basset Hound example image', b'1', b'1', 540, 540),
(35, 30, '/images/breeds/2ac2f5944e38c9873fddd80f44929a91.jpg', 'Basset Hound example image', b'1', b'0', 540, 540),
(36, 53, '/images/breeds/20a9238dd34f189ec7de945e006e660b.jpg', 'Beagle example image', b'1', b'1', 540, 540),
(37, 53, '/images/breeds/0ea78b024dc3955332d3ddb08b8e50f0.jpg', 'Beagle example image', b'1', b'0', 540, 540),
(38, 53, '/images/breeds/de33550ba1323a0376fc1292a1d25d71.jpg', 'Beagle example image', b'1', b'0', 540, 540),
(39, 53, '/images/breeds/bdec813dff4bb79ff07cbe0440f217a2.jpg', 'Beagle example image', b'1', b'0', 540, 540),
(40, 53, '/images/breeds/98398963f090dae624c421e6b6a0ebe5.jpg', 'Beagle example image', b'1', b'0', 540, 540),
(41, 31, '/images/breeds/6e44501e366c74ab7431e1ff5256ab79.jpg', 'Bearded Collie example image', b'1', b'0', 540, 540),
(42, 31, '/images/breeds/bfe8e8b7d66e75c0af82b6e0d136a7a5.jpg', 'Bearded Collie example image', b'1', b'0', 540, 540),
(43, 31, '/images/breeds/1f0009002cd89d41b30791766bbf9102.jpg', 'Bearded Collie example image', b'1', b'1', 540, 540),
(44, 31, '/images/breeds/f069ed4df76d788ff43403f1ba4fa4a8.jpg', 'Bearded Collie example image', b'1', b'0', 540, 540),
(45, 31, '/images/breeds/6083f935fa48fd91a5cf778969006561.jpg', 'Bearded Collie example image', b'1', b'0', 540, 540),
(46, 54, '/images/breeds/d71e26c0af558afe29efb7f41ec33900.jpg', 'Bedlington Terrier example image', b'1', b'0', 540, 540),
(47, 54, '/images/breeds/d9ab74f0d0afc57158e44c6956883a2d.jpg', 'Bedlington Terrier example image', b'1', b'0', 540, 540),
(48, 54, '/images/breeds/1a232b490fde0c962aa1fd7f02175e19.jpg', 'Bedlington Terrier example image', b'1', b'0', 540, 540),
(49, 54, '/images/breeds/7f988b33eb8736ec69b17c498926d407.jpg', 'Bedlington Terrier example image', b'1', b'1', 540, 540),
(50, 54, '/images/breeds/3f5b2f820634bb1f75d4c89627e0e8b7.jpg', 'Bedlington Terrier example image', b'1', b'0', 540, 540),
(51, 2, '/images/breeds/67fb16917bbb69e5f2a646b0bddfb68a.jpg', 'Bernese Mountain Dog example image', b'1', b'0', 540, 540),
(52, 2, '/images/breeds/470af08ca80c554c02367a0e1a90bc39.jpg', 'Bernese Mountain Dog example image', b'1', b'0', 540, 540),
(53, 2, '/images/breeds/a5621787bbc9210a919ccbf5832426ef.jpg', 'Bernese Mountain Dog example image', b'1', b'0', 540, 540),
(54, 2, '/images/breeds/04fb4d719e9fe2b6ffe32d9ae7be8a22.jpg', 'Bernese Mountain Dog example image', b'1', b'0', 540, 540),
(55, 2, '/images/breeds/1e5ce138280eabd214664398f19491b3.jpg', 'Bernese Mountain Dog example image', b'1', b'1', 540, 540),
(56, 55, '/images/breeds/bichon-frise-2.jpg', 'Bichon Frise example image', b'1', b'0', 540, 540),
(57, 55, '/images/breeds/shutterstock_1469998787-1.jpg', 'Bichon Frise example image', b'1', b'0', 540, 540),
(58, 55, '/images/breeds/dog-4398243_1280.jpg', 'Bichon Frise example image', b'1', b'0', 540, 540),
(59, 55, '/images/breeds/what-is-the-temperaments-of-a-bichon-frise-1200x675.jpg', 'Bichon Frise example image', b'1', b'1', 540, 540),
(60, 55, '/images/breeds/Bichon-Frise-colors-and-markings-scaled.jpg', 'Bichon Frise example image', b'1', b'0', 540, 540),
(61, 3, '/images/breeds/09839ef1c5a5a5b3acb61c4093cab07f.jpg', 'Bloodhound example image', b'1', b'0', 540, 540),
(62, 3, '/images/breeds/57b86091d423c595363d1d78a53a0b98.jpg', 'Bloodhound example image', b'1', b'0', 540, 540),
(63, 3, '/images/breeds/59fb21a30860a3c2f21336da9b785c5d.jpg', 'Bloodhound example image', b'1', b'0', 540, 540),
(64, 3, '/images/breeds/b99f4f25c568301b36e3746070012f15.jpg', 'Bloodhound example image', b'1', b'0', 540, 540),
(65, 3, '/images/breeds/117085659f91228627caf21a574f2bbf.jpg', 'Bloodhound example image', b'1', b'1', 540, 540),
(66, 32, '/images/breeds/1e44a9c130807d1413e7d9ef052fb338.jpg', 'Border Collie example image', b'1', b'1', 540, 540),
(67, 32, '/images/breeds/4d0eaef784ec414c6cd3b0bd5293fa8c.jpg', 'Border Collie example image', b'1', b'0', 540, 540),
(68, 32, '/images/breeds/a85648ed4bd628838f5294085495293c.jpg', 'Border Collie example image', b'1', b'0', 540, 540),
(69, 32, '/images/breeds/9fb9ec152d4262348922fbf4c03f6083.jpg', 'Border Collie example image', b'1', b'0', 540, 540),
(70, 32, '/images/breeds/9ea6bbd4ff2c706480a2abbe12a8e358.jpg', 'Border Collie example image', b'1', b'0', 540, 540),
(71, 56, '/images/breeds/412232ca70a653d183b9e6e502e34730.jpg', 'Border Terrier example image', b'1', b'0', 540, 540),
(72, 56, '/images/breeds/2ae0c93bbde7a8f13ed5583d97352a83.jpg', 'Border Terrier example image', b'1', b'0', 540, 540),
(73, 56, '/images/breeds/8e94ccf10370e5d5d49972353ade1f2f.jpg', 'Border Terrier example image', b'1', b'0', 540, 540),
(74, 56, '/images/breeds/880379ffeea97e48cf12349753838a54.jpg', 'Border Terrier example image', b'1', b'0', 540, 540),
(75, 56, '/images/breeds/06412667e714332186d0cf86375e98fb.jpg', 'Border Terrier example image', b'1', b'1', 540, 540),
(76, 4, '/images/breeds/799017168bea86fbb6a83c5d97cc0b8c.jpg', 'Borzoi example image', b'1', b'0', 540, 540),
(77, 4, '/images/breeds/200a51e8f11ebbb884fc6cf01973586b.jpg', 'Borzoi example image', b'1', b'0', 540, 540),
(78, 4, '/images/breeds/ffd25009d635cfd16e793503ac5edef0.jpg', 'Borzoi example image', b'1', b'0', 540, 540),
(79, 4, '/images/breeds/1d9246c677dda341b5da58a0a3af98d6.jpg', 'Borzoi example image', b'1', b'1', 540, 540),
(80, 4, '/images/breeds/002a283a315af96eaea0e28e7163b21b.jpg', 'Borzoi example image', b'1', b'0', 540, 540),
(81, 57, '/images/breeds/34e117ba59c3244382726f68196b0ecb.jpg', 'Boston Terrier example image', b'1', b'1', 540, 540),
(82, 57, '/images/breeds/c693ed75220ef6de098208d7361fa5d6.jpg', 'Boston Terrier example image', b'1', b'0', 540, 540),
(83, 57, '/images/breeds/eea74111b12a1cc83201158a72cc141a.jpg', 'Boston Terrier example image', b'1', b'0', 540, 540),
(84, 57, '/images/breeds/85ee2259befe2e52c2200c7ca75f35e1.jpg', 'Boston Terrier example image', b'1', b'0', 540, 540),
(85, 57, '/images/breeds/b16549549ac51020efa4ab86923c37b3.jpg', 'Boston Terrier example image', b'1', b'0', 540, 540),
(86, 13, '/images/breeds/9e486b33df53bfef19c178ecc95f3e4d.jpg', 'Boxer example image', b'1', b'0', 540, 540),
(87, 13, '/images/breeds/a5c6ca31780472bc6297dcb230ba8d0d.jpg', 'Boxer example image', b'1', b'1', 540, 540),
(88, 13, '/images/breeds/53165a38e33bb747c04a57480e863395.jpg', 'Boxer example image', b'1', b'0', 540, 540),
(89, 13, '/images/breeds/9eb2557572aff149c5143e287799b48d.jpg', 'Boxer example image', b'1', b'0', 540, 540),
(90, 13, '/images/breeds/70d889ecc5ab471c8ef59c5a110b705e.jpg', 'Boxer example image', b'1', b'0', 540, 540),
(91, 14, '/images/breeds/64823d438ff897c9a8888571e5b0bb2f.jpg', 'Briard example image', b'1', b'0', 540, 540),
(92, 14, '/images/breeds/0e0e44349e6955bea9fea91de26a6980.jpg', 'Briard example image', b'1', b'0', 540, 540),
(93, 14, '/images/breeds/6e42fa34befaffb20813a79c13f80ba3.jpg', 'Briard example image', b'1', b'0', 540, 540),
(94, 14, '/images/breeds/91c25bb4539f68d68c7a23b8aa5d04b9.jpg', 'Briard example image', b'1', b'0', 540, 540),
(95, 14, '/images/breeds/04ea8788cfa17d01c87ea4cdaa0a330d.jpg', 'Briard example image', b'1', b'1', 540, 540),
(96, 33, '/images/breeds/492d16aab0e9c7b6e68093202ec1cb61.jpg', 'Bull Terrier example image', b'1', b'1', 540, 540),
(97, 33, '/images/breeds/26b4edb53ece094f420f30a6be4a5374.jpg', 'Bull Terrier example image', b'1', b'0', 540, 540),
(98, 33, '/images/breeds/6b3f1fd13a925f11c01ec3f58a680115.jpg', 'Bull Terrier example image', b'1', b'0', 540, 540),
(99, 33, '/images/breeds/4449821c82f34273b557859c9b42a47f.jpg', 'Bull Terrier example image', b'1', b'0', 540, 540),
(100, 33, '/images/breeds/7e78e5d12f74ad605ef5e63459b72132.jpg', 'Bull Terrier example image', b'1', b'0', 540, 540),
(101, 5, '/images/breeds/ccc49b7d2c895b6d6c9ce27845faf622.jpg', 'Bullmastiff example image', b'1', b'0', 540, 540),
(102, 5, '/images/breeds/e88f4a70305e582965569c4ca91c34b8.jpg', 'Bullmastiff example image', b'1', b'0', 540, 540),
(103, 5, '/images/breeds/382321aa611762ba588d18d3f826db20.jpg', 'Bullmastiff example image', b'1', b'1', 540, 540),
(104, 5, '/images/breeds/3bce79e38c75a511d7de6096ea16c8b2.jpg', 'Bullmastiff example image', b'1', b'0', 540, 540),
(105, 5, '/images/breeds/f36a3d05e27b5e206ac89b4a7e133e57.jpg', 'Bullmastiff example image', b'1', b'0', 540, 540),
(106, 58, '/images/breeds/3bdc7d098a96d40314cf7ed50b83501a.jpg', 'Cairn Terrier example image', b'1', b'0', 540, 540),
(107, 58, '/images/breeds/e7f491cb903ff0a294eb63c625ef090e.jpg', 'Cairn Terrier example image', b'1', b'0', 540, 540),
(108, 58, '/images/breeds/08782eb5ac167ca5f8feaccb519e9b4e.jpg', 'Cairn Terrier example image', b'1', b'0', 540, 540),
(109, 58, '/images/breeds/e9fc49ac28d4f84579f5621bccc78470.jpg', 'Cairn Terrier example image', b'1', b'1', 540, 540),
(110, 58, '/images/breeds/03c81a2e78dc915bc515fcb8aafd2f6f.jpg', 'Cairn Terrier example image', b'1', b'0', 540, 540),
(111, 59, '/images/breeds/Cavalier-King-Charles-Spaniel-standing-in-the-grass.jpg', 'Cavalier King Charles Spaniel example image', b'1', b'1', 540, 540),
(112, 59, '/images/breeds/cavalier-king-charles-spaniel.jpg', 'Cavalier King Charles Spaniel example image', b'1', b'0', 540, 540),
(113, 59, '/images/breeds/Breed-Hero-Cavalier-King-Charles-Spaniel.jpg', 'Cavalier King Charles Spaniel example image', b'1', b'0', 540, 540),
(114, 59, '/images/breeds/AmyLanePhotography-b0b91f2200394ba688e7271ad675176c.jpg', 'Cavalier King Charles Spaniel example image', b'1', b'0', 540, 540),
(115, 59, '/images/breeds/Cavalier-King-Charles-Spaniel-head-portrait-outdoors.jpg', 'Cavalier King Charles Spaniel example image', b'1', b'0', 540, 540),
(116, 15, '/images/breeds/27c96fe6f4dae2f400dca8f40e619978.jpg', 'Chesapeake Bay Retriever example image', b'1', b'1', 540, 540),
(117, 15, '/images/breeds/c62d6c163cbe1109462aa729bc4f425c.jpg', 'Chesapeake Bay Retriever example image', b'1', b'0', 540, 540),
(118, 15, '/images/breeds/8c99f1d9dde16550e002b8ea3fc342cd.jpg', 'Chesapeake Bay Retriever example image', b'1', b'0', 540, 540),
(119, 15, '/images/breeds/c441a06c1b1d3969ee1654d4a63b6c22.jpg', 'Chesapeake Bay Retriever example image', b'1', b'0', 540, 540),
(120, 15, '/images/breeds/56c4d8a13df348ec1d540cf89a48fa5b.jpg', 'Chesapeake Bay Retriever example image', b'1', b'0', 540, 540),
(121, 72, '/images/breeds/0f7db98cbd6f6537c0ac3dfad349b182.jpg', 'Chihuahua example image', b'1', b'0', 540, 540),
(122, 72, '/images/breeds/83a52bda51841168400d245cff401f98.jpg', 'Chihuahua example image', b'1', b'0', 540, 540),
(123, 72, '/images/breeds/5ca1ffd7a6d09951f5ae0afca1635b02.jpg', 'Chihuahua example image', b'1', b'1', 540, 540),
(124, 72, '/images/breeds/364bbe6fb891f50e904613581d6cf3ac.jpg', 'Chihuahua example image', b'1', b'0', 540, 540),
(125, 72, '/images/breeds/d7f3da9914b26cccb9f9e86a977545f5.jpg', 'Chihuahua example image', b'1', b'0', 540, 540),
(126, 34, '/images/breeds/143ce5343024462044b72de531b5ff08.jpg', 'Chow Chow example image', b'1', b'0', 540, 540),
(127, 34, '/images/breeds/2e9e96fc941177ecb045802c53b8f368.jpg', 'Chow Chow example image', b'1', b'0', 540, 540),
(128, 34, '/images/breeds/87001075188b63c8edeb2ffaf4cdfca4.jpg', 'Chow Chow example image', b'1', b'0', 540, 540),
(129, 34, '/images/breeds/e87e709987ed707393533e9d2429f585.jpg', 'Chow Chow example image', b'1', b'1', 540, 540),
(130, 34, '/images/breeds/0c207c7af2d1ef71dc61434f04d00cdf.jpg', 'Chow Chow example image', b'1', b'0', 540, 540),
(131, 16, '/images/breeds/d4c2dfd1b7aa5af65cd89481fa150ad5.jpg', 'Clumber Spaniel example image', b'1', b'0', 540, 540),
(132, 16, '/images/breeds/ba1b7aa01e1c871c5e3acd08b65516e7.jpg', 'Clumber Spaniel example image', b'1', b'1', 540, 540),
(133, 16, '/images/breeds/f09536e93c84e70c1a6e144452ed98fb.jpg', 'Clumber Spaniel example image', b'1', b'0', 540, 540),
(134, 16, '/images/breeds/d4c7ab7811b534b7038fadf986d45395.jpg', 'Clumber Spaniel example image', b'1', b'0', 540, 540),
(135, 16, '/images/breeds/36532e771dd855b06c25e8f14283daa8.jpg', 'Clumber Spaniel example image', b'1', b'0', 540, 540),
(136, 60, '/images/breeds/Dachshund-laying-down-in-the-grass.jpg', 'Dachshund example image', b'1', b'1', 540, 540),
(137, 60, '/images/breeds/Short-haired-Dachshund.jpg', 'Dachshund example image', b'1', b'0', 540, 540),
(138, 60, '/images/breeds/dachshund-health-problems.jpg', 'Dachshund example image', b'1', b'0', 540, 540),
(139, 60, '/images/breeds/Longhaired-Dachshund-standing-outdoors.jpg', 'Dachshund example image', b'1', b'0', 540, 540),
(140, 60, '/images/breeds/Dachshund-standing-outdoors.jpg', 'Dachshund example image', b'1', b'0', 540, 540),
(141, 35, '/images/breeds/1200px-Dalmatian_liver_stacked.jpg', 'Dalmatian example image', b'1', b'0', 540, 540),
(142, 35, '/images/breeds/Dalmatian-1-645mk062311.jpg', 'Dalmatian example image', b'1', b'1', 540, 540),
(143, 35, '/images/breeds/Dalmatiner_2.jpg', 'Dalmatian example image', b'1', b'0', 540, 540),
(144, 35, '/images/breeds/dalmatian.jpg', 'Dalmatian example image', b'1', b'0', 540, 540),
(145, 35, '/images/breeds/Dalmatian-900x500.jpg', 'Dalmatian example image', b'1', b'0', 540, 540),
(146, 17, '/images/breeds/eca90f594e91b6689c0908e365cac5ce.jpg', 'Doberman Pinscher example image', b'1', b'0', 540, 540),
(147, 17, '/images/breeds/8aa65793a60f8feb59925d6ece493bf0.jpg', 'Doberman Pinscher example image', b'1', b'0', 540, 540),
(148, 17, '/images/breeds/9fddcca650e796157ab90ccebcfe36a4.jpg', 'Doberman Pinscher example image', b'1', b'0', 540, 540),
(149, 17, '/images/breeds/f9a664aff90ef04521974670cbd19cfe.jpg', 'Doberman Pinscher example image', b'1', b'1', 540, 540),
(150, 17, '/images/breeds/ea6c7f6e749d8aa9512054c47585e298.jpg', 'Doberman Pinscher example image', b'1', b'0', 540, 540),
(151, 18, '/images/breeds/64e8d146615645ec07587b6cd8f03f32.jpg', 'English Setter example image', b'1', b'1', 540, 540),
(152, 18, '/images/breeds/4038f45a6b0aa398b80c5aad23f9132c.jpg', 'English Setter example image', b'1', b'0', 540, 540),
(153, 18, '/images/breeds/49d179db1a0dfe894d9d164704403cd7.jpg', 'English Setter example image', b'1', b'0', 540, 540),
(154, 18, '/images/breeds/abd43fd42eee6c32c7d95fc0993603b6.jpg', 'English Setter example image', b'1', b'0', 540, 540),
(155, 18, '/images/breeds/21b3006afebd75664f31220e2d15e9c4.jpg', 'English Setter example image', b'1', b'0', 540, 540),
(156, 36, '/images/breeds/3-water.jpg', 'English Springer Spaniel example image', b'1', b'0', 540, 540),
(157, 36, '/images/breeds/Everything-You-Ever-Wanted-to-Know-About-English-Springer-Spaniel.jpg', 'English Springer Spaniel example image', b'1', b'0', 540, 540),
(158, 36, '/images/breeds/springer-spaniel-walking.jpg', 'English Springer Spaniel example image', b'1', b'0', 540, 540),
(159, 36, '/images/breeds/english-springer-spaniel-dog-breed-info.jpg', 'English Springer Spaniel example image', b'1', b'0', 540, 540),
(160, 36, '/images/breeds/ESSGettyImages-1140139727Nigel_Wallace-1aa0f57103cc449197c50da88edd2358.jpg', 'English Springer Spaniel example image', b'1', b'1', 540, 540),
(161, 37, '/images/breeds/c2a5c44a3cb6d8e5fc36ff0bb8640776.jpg', 'Field Spaniel example image', b'1', b'0', 540, 540),
(162, 37, '/images/breeds/9a03d170d51aa6ea1a07a9fca4e0428f.jpg', 'Field Spaniel example image', b'1', b'0', 540, 540),
(163, 37, '/images/breeds/64fe508bc7626f6e0bdfbde3089d7cc0.jpg', 'Field Spaniel example image', b'1', b'0', 540, 540),
(164, 37, '/images/breeds/e7ab11f849e895ced3cdddf4d90e5bd2.jpg', 'Field Spaniel example image', b'1', b'0', 540, 540),
(165, 37, '/images/breeds/e2e46a91de179a79ab3b0ec7f813df27.jpg', 'Field Spaniel example image', b'1', b'1', 540, 540),
(166, 38, '/images/breeds/Finnish-Spitz.jpg', 'Finnish Spitz example image', b'1', b'0', 540, 540),
(167, 38, '/images/breeds/finnish-spitz-dogs-puppies-1.jpg', 'Finnish Spitz example image', b'1', b'0', 540, 540),
(168, 38, '/images/breeds/Finnish_Spitz_600.jpg', 'Finnish Spitz example image', b'1', b'0', 540, 540),
(169, 38, '/images/breeds/Finish-Spitz-3-645mk062311.jpg', 'Finnish Spitz example image', b'1', b'1', 540, 540),
(170, 38, '/images/breeds/Finnish-Spitz-running-in-the-snow.jpg', 'Finnish Spitz example image', b'1', b'0', 540, 540),
(171, 61, '/images/breeds/c9ccbbb14fc3ac97fddcf20b95ff121a.jpg', 'French Bulldog example image', b'1', b'1', 540, 540),
(172, 61, '/images/breeds/f2ab1692e3ef27cffb8cbb7ad6d99092.jpg', 'French Bulldog example image', b'1', b'0', 540, 540),
(173, 61, '/images/breeds/6dd7730512384e02b227d759efe20ee4.jpg', 'French Bulldog example image', b'1', b'0', 540, 540),
(174, 61, '/images/breeds/a38a1bd2bbae7dedd6d5f78abaad5e4a.jpg', 'French Bulldog example image', b'1', b'0', 540, 540),
(175, 61, '/images/breeds/201fe1c7b5c0c513c42d1a1ba350d4df.jpg', 'French Bulldog example image', b'1', b'0', 540, 540),
(176, 19, '/images/breeds/c0b53533209ff39a4620a5959a1c5c98.jpg', 'German Shorthaired Pointer example image', b'1', b'1', 540, 540),
(177, 19, '/images/breeds/f62f6d147bb05a257c05ffe418ae4e45.jpg', 'German Shorthaired Pointer example image', b'1', b'0', 540, 540),
(178, 19, '/images/breeds/c19177c750afffa00a7ba5f59ace92be.jpg', 'German Shorthaired Pointer example image', b'1', b'0', 540, 540),
(179, 19, '/images/breeds/82e3000939756fbd89b3735681440773.jpg', 'German Shorthaired Pointer example image', b'1', b'0', 540, 540),
(180, 19, '/images/breeds/d198549ea46f9f624b71fcffbcbe8e31.jpg', 'German Shorthaired Pointer example image', b'1', b'0', 540, 540),
(181, 20, '/images/breeds/fe426e0af99930c0ec3c9ab58b02f8dc.jpg', 'German Wirehaired Pointer example image', b'1', b'1', 540, 540),
(182, 20, '/images/breeds/2976809f7669b4fa8c9094f1cff056d9.jpg', 'German Wirehaired Pointer example image', b'1', b'0', 540, 540),
(183, 20, '/images/breeds/9e81e7884652773e257986e45df70cb5.jpg', 'German Wirehaired Pointer example image', b'1', b'0', 540, 540),
(184, 20, '/images/breeds/5f11c3406c4778ed1f2284c6817fe9aa.jpg', 'German Wirehaired Pointer example image', b'1', b'0', 540, 540),
(185, 20, '/images/breeds/67776971c7ad4fdca0b9acf5b7e3d67d.jpg', 'German Wirehaired Pointer example image', b'1', b'0', 540, 540),
(186, 21, '/images/breeds/561d5659eec3cb8ced7c777de794caaa.jpg', 'Giant Schnauzer example image', b'1', b'0', 540, 540),
(187, 21, '/images/breeds/a1d50b778141d7a13c07a7f366524f1b.jpg', 'Giant Schnauzer example image', b'1', b'0', 540, 540),
(188, 21, '/images/breeds/fc6abf69e1581b95734830af88c636a0.jpg', 'Giant Schnauzer example image', b'1', b'0', 540, 540),
(189, 21, '/images/breeds/d4282be98a29612cbe5b01173e99f704.jpg', 'Giant Schnauzer example image', b'1', b'0', 540, 540),
(190, 21, '/images/breeds/ea8a9c29c83b5f3d4b917922a0ce9066.jpg', 'Giant Schnauzer example image', b'1', b'1', 540, 540),
(191, 22, '/images/breeds/a4ca7f2c41ef46180fddf84d300a6341.jpg', 'Golden Retriever example image', b'1', b'0', 540, 540),
(192, 22, '/images/breeds/e4913c578cba8c59d842663fa734d337.jpg', 'Golden Retriever example image', b'1', b'1', 540, 540),
(193, 22, '/images/breeds/203a82da35da69a6517e0dce4d072071.jpg', 'Golden Retriever example image', b'1', b'0', 540, 540),
(194, 22, '/images/breeds/bf5a837a9050a1dc1fd43027f99c9b7b.jpg', 'Golden Retriever example image', b'1', b'0', 540, 540),
(195, 22, '/images/breeds/d66104727a2a8cdfd3f3a0fb17bdedc9.jpg', 'Golden Retriever example image', b'1', b'0', 540, 540),
(196, 23, '/images/breeds/a74b32169c1b42a218a9f72f954ec9a4.jpg', 'Gordon Setter example image', b'1', b'0', 540, 540),
(197, 23, '/images/breeds/045d421a681a7da04ff668992a8b4c3e.jpg', 'Gordon Setter example image', b'1', b'1', 540, 540),
(198, 23, '/images/breeds/2f812a0cb6977bbad1a167e1ef4ae2ac.jpg', 'Gordon Setter example image', b'1', b'0', 540, 540),
(199, 23, '/images/breeds/96e02cc2cf7e3327f3cf1bf3eea1640d.jpg', 'Gordon Setter example image', b'1', b'0', 540, 540),
(200, 23, '/images/breeds/0b6239db9b1649fe2f513357c82931aa.jpg', 'Gordon Setter example image', b'1', b'0', 540, 540),
(201, 6, '/images/breeds/a5af5ef59eed5c50a0aeea94c8f016f2.jpg', 'Great Dane example image', b'1', b'1', 540, 540),
(202, 6, '/images/breeds/a35abb795e84cbe8ca7813ce4b28a756.jpg', 'Great Dane example image', b'1', b'0', 540, 540),
(203, 6, '/images/breeds/f2da0cd3a1f77cc96505d387d9dd731b.jpg', 'Great Dane example image', b'1', b'0', 540, 540),
(204, 6, '/images/breeds/ed38d865e5ff611d6d1529652cc6464d.jpg', 'Great Dane example image', b'1', b'0', 540, 540),
(205, 6, '/images/breeds/e346c77b51b03999cbf7d89ae776e696.jpg', 'Great Dane example image', b'1', b'0', 540, 540),
(206, 7, '/images/breeds/e6b47a2f62d0956fae1f3970f310b64a.jpg', 'Great Pyrenees example image', b'1', b'0', 540, 540),
(207, 7, '/images/breeds/9f39f256dfc427cad1f89094369e6d3b.jpg', 'Great Pyrenees example image', b'1', b'0', 540, 540),
(208, 7, '/images/breeds/14f25ad78f02126a1ceeb44385378cd1.jpg', 'Great Pyrenees example image', b'1', b'0', 540, 540),
(209, 7, '/images/breeds/06ab2182c2a958a5f0de2035f39a0fa7.jpg', 'Great Pyrenees example image', b'1', b'0', 540, 540),
(210, 7, '/images/breeds/386c9ef54712d0218980b38219378ac4.jpg', 'Great Pyrenees example image', b'1', b'1', 540, 540),
(211, 24, '/images/breeds/Greyhound-running-in-lure-coursing.jpg', 'Greyhound example image', b'1', b'1', 540, 540),
(212, 24, '/images/breeds/GraceTheGreyhound.jpg', 'Greyhound example image', b'1', b'0', 540, 540),
(213, 24, '/images/breeds/5056.jpg', 'Greyhound example image', b'1', b'0', 540, 540),
(214, 24, '/images/breeds/Greyhound-laying-down-in-the-grass.jpg', 'Greyhound example image', b'1', b'0', 540, 540),
(215, 24, '/images/breeds/Italian_Greyhound_standing_gray_(cropped).jpg', 'Greyhound example image', b'1', b'0', 540, 540),
(216, 25, '/images/breeds/1af14f734087da9b1405f8f02a4374b1.jpg', 'Irish Setter example image', b'1', b'0', 540, 540),
(217, 25, '/images/breeds/5f886388c9da2c09d6e3adde3c247243.jpg', 'Irish Setter example image', b'1', b'1', 540, 540),
(218, 25, '/images/breeds/47d189e84639fc3f7f2937deb7b5eacd.jpg', 'Irish Setter example image', b'1', b'0', 540, 540),
(219, 25, '/images/breeds/de01c11dfd88085d19b336a812a1795d.jpg', 'Irish Setter example image', b'1', b'0', 540, 540),
(220, 25, '/images/breeds/35cc113cc5807a081a22317ddc0e6861.jpg', 'Irish Setter example image', b'1', b'0', 540, 540),
(221, 39, '/images/breeds/aff4222a0f4fb441d627f7ad396caf3d.jpg', 'Irish Water Spaniel example image', b'1', b'0', 540, 540),
(222, 39, '/images/breeds/c37f52e1a8288a9bf678b19f1e4f9bfb.jpg', 'Irish Water Spaniel example image', b'1', b'0', 540, 540),
(223, 39, '/images/breeds/ad28b267501ce726440c9d5cae4e6f33.jpg', 'Irish Water Spaniel example image', b'1', b'0', 540, 540),
(224, 39, '/images/breeds/220b9f4199980cddc4eb6a38d361b03b.jpg', 'Irish Water Spaniel example image', b'1', b'0', 540, 540),
(225, 39, '/images/breeds/8df66073740f76663abf8b5b13b34eeb.jpg', 'Irish Water Spaniel example image', b'1', b'1', 540, 540),
(226, 8, '/images/breeds/c72cad3c532886e10001f99c4a954156.jpg', 'Irish Wolfhound example image', b'1', b'0', 540, 540),
(227, 8, '/images/breeds/6d3d71bbfff198971e5dfdc16cbfc311.jpg', 'Irish Wolfhound example image', b'1', b'0', 540, 540),
(228, 8, '/images/breeds/a4b52955a828aa7ecb06081718ad89f5.jpg', 'Irish Wolfhound example image', b'1', b'0', 540, 540),
(229, 8, '/images/breeds/a4f8ba6aadd7017751b56ad0be5b96b3.jpg', 'Irish Wolfhound example image', b'1', b'0', 540, 540),
(230, 8, '/images/breeds/6c84c961c6b25c394fe8e75194a8a0fa.jpg', 'Irish Wolfhound example image', b'1', b'1', 540, 540),
(231, 73, '/images/breeds/d10f9ba331c5f66331a449463c06cd87.jpg', 'Italian Greyhound example image', b'1', b'0', 540, 540),
(232, 73, '/images/breeds/d1b1bb6de02d5b193e61e018cda53e47.jpg', 'Italian Greyhound example image', b'1', b'0', 540, 540),
(233, 73, '/images/breeds/feb9d0ae525ca28aabff74b455e34c16.jpg', 'Italian Greyhound example image', b'1', b'0', 540, 540),
(234, 73, '/images/breeds/e620a0807519a406a20dbe50ebeb1b1c.jpg', 'Italian Greyhound example image', b'1', b'1', 540, 540),
(235, 73, '/images/breeds/05a5e6f6b575688dc304ae72635db7b6.jpg', 'Italian Greyhound example image', b'1', b'0', 540, 540),
(236, 74, '/images/breeds/2-multi.jpg', 'Japanese Chin example image', b'1', b'0', 540, 540),
(237, 74, '/images/breeds/Japanese-Chin-laying-in-the-grass.jpg', 'Japanese Chin example image', b'1', b'0', 540, 540),
(238, 74, '/images/breeds/Japanese-Chin-standing-outdoors.jpg', 'Japanese Chin example image', b'1', b'0', 540, 540),
(239, 74, '/images/breeds/Japanese-Chin-FeaturedImage.jpg', 'Japanese Chin example image', b'1', b'1', 540, 540),
(240, 74, '/images/breeds/GettyImages-915830672-99aa3399478048c2a41b5c0b33588e4c.jpg', 'Japanese Chin example image', b'1', b'0', 540, 540),
(241, 40, '/images/breeds/f2b5ba1f32494b942731fb5248e114a8.jpg', 'Keeshond example image', b'1', b'0', 540, 540),
(242, 40, '/images/breeds/13ee74fa50b3e32356047fde4fd993ab.jpg', 'Keeshond example image', b'1', b'0', 540, 540),
(243, 40, '/images/breeds/5ef1542fb842b2a716f7d2ff8ee986d4.jpg', 'Keeshond example image', b'1', b'0', 540, 540),
(244, 40, '/images/breeds/8c77ac7beb31548766f7965ae9b245fe.jpg', 'Keeshond example image', b'1', b'0', 540, 540),
(245, 40, '/images/breeds/d155359376470f2e707ac73e636eb5b2.jpg', 'Keeshond example image', b'1', b'1', 540, 540),
(246, 41, '/images/breeds/5e7a57d414f85be05e7a26662ab49cca.jpg', 'Kerry Blue Terrier example image', b'1', b'0', 540, 540),
(247, 41, '/images/breeds/8cb6a74c34257a22665589648d827aad.jpg', 'Kerry Blue Terrier example image', b'1', b'0', 540, 540),
(248, 41, '/images/breeds/8cd3fb35c72d692d4c717b6052465f55.jpg', 'Kerry Blue Terrier example image', b'1', b'0', 540, 540),
(249, 41, '/images/breeds/45ca89a83dca243931c34525376c73f9.jpg', 'Kerry Blue Terrier example image', b'1', b'1', 540, 540),
(250, 41, '/images/breeds/540a64ab0a107a55d2cc0f8d2041c2c0.jpg', 'Kerry Blue Terrier example image', b'1', b'0', 540, 540),
(251, 26, '/images/breeds/75788fe1317d46dd758a9d295b83bc95.jpg', 'Labrador Retriever example image', b'1', b'1', 540, 540),
(252, 26, '/images/breeds/e77a27e8f24034facbfae4b2dffd476b.jpg', 'Labrador Retriever example image', b'1', b'0', 540, 540),
(253, 26, '/images/breeds/649bd8654c22611e7e4912d58249cb47.jpg', 'Labrador Retriever example image', b'1', b'0', 540, 540),
(254, 26, '/images/breeds/34269c1c995862b1c45b09f8117a2d5a.jpg', 'Labrador Retriever example image', b'1', b'0', 540, 540),
(255, 26, '/images/breeds/997673ede472a2fbb056bb4803d577e7.jpg', 'Labrador Retriever example image', b'1', b'0', 540, 540),
(256, 75, '/images/breeds/4dc262bd3c3f5bbab4c38147ddf204a1.jpg', 'Maltese example image', b'1', b'0', 540, 540),
(257, 75, '/images/breeds/f4c3afa01a61b3471656b42f8d5cb1e1.jpg', 'Maltese example image', b'1', b'0', 540, 540),
(258, 75, '/images/breeds/f5020914618ca6445b1bb1ca2e0a4d51.jpg', 'Maltese example image', b'1', b'0', 540, 540),
(259, 75, '/images/breeds/2071036a0cb133584c9b917b1a7e90d7.jpg', 'Maltese example image', b'1', b'1', 540, 540),
(260, 75, '/images/breeds/f523e20f7fac8e1d9909d0956a468467.jpg', 'Maltese example image', b'1', b'0', 540, 540),
(261, 9, '/images/breeds/7e69e9e20cf3b78cb6d2336df72575f7.jpg', 'Mastiff example image', b'1', b'0', 540, 540),
(262, 9, '/images/breeds/1dc49198d8a33372c106640a387dbefc.jpg', 'Mastiff example image', b'1', b'0', 540, 540),
(263, 9, '/images/breeds/55e1635823f2d3500fd9e5f6dc10170e.jpg', 'Mastiff example image', b'1', b'0', 540, 540),
(264, 9, '/images/breeds/302e4507ef9c5ba2c0b26ab890cd250c.jpg', 'Mastiff example image', b'1', b'0', 540, 540),
(265, 9, '/images/breeds/b27ccad9788e1868e258a96f8538830a.jpg', 'Mastiff example image', b'1', b'1', 540, 540),
(266, 76, '/images/breeds/7799fee02fb12deb117bd1162c33da48.jpg', 'Papillon example image', b'1', b'1', 540, 540),
(267, 76, '/images/breeds/f293c3e2fcc58e1d539aa71c56be8d55.jpg', 'Papillon example image', b'1', b'0', 540, 540),
(268, 76, '/images/breeds/5db5f37543049738ba92fbb41a51351a.jpg', 'Papillon example image', b'1', b'0', 540, 540),
(269, 76, '/images/breeds/2fc7536c676677e13484ad20c78d8e30.jpg', 'Papillon example image', b'1', b'0', 540, 540),
(270, 76, '/images/breeds/b62f1c768b5eb401fdf27a4fc2b64cf5.jpg', 'Papillon example image', b'1', b'0', 540, 540),
(271, 42, '/images/breeds/ffca1c97cea5fada05b8646998a5b788.jpg', 'Pharaoh Hound example image', b'1', b'0', 540, 540),
(272, 42, '/images/breeds/40fc221655af1f9ea340c3105a5a250b.jpg', 'Pharaoh Hound example image', b'1', b'0', 540, 540),
(273, 42, '/images/breeds/37b617c8586566870ef2fb65fbec59c0.jpg', 'Pharaoh Hound example image', b'1', b'0', 540, 540),
(274, 42, '/images/breeds/07096719a671e1737b829bd1a88f1dbf.jpg', 'Pharaoh Hound example image', b'1', b'0', 540, 540),
(275, 42, '/images/breeds/92362bf7e6ef7dffff3b8fd449b528aa.jpg', 'Pharaoh Hound example image', b'1', b'1', 540, 540),
(276, 43, '/images/breeds/German-Shorthaired-Pointer-on-point.jpg', 'Pointer example image', b'1', b'0', 540, 540),
(277, 43, '/images/breeds/1-point.jpg', 'Pointer example image', b'1', b'0', 540, 540),
(278, 43, '/images/breeds/GSPPointingGettyvik898-8470f518fbf04d74b14b18fc0fe61ef7.jpg', 'Pointer example image', b'1', b'0', 540, 540),
(279, 43, '/images/breeds/German-Shorthaired-Pointer-1.jpg', 'Pointer example image', b'1', b'0', 540, 540),
(280, 43, '/images/breeds/GettyImages-941329520-4d4983d95d994c7d8c9d6e02db25bffa.jpg', 'Pointer example image', b'1', b'1', 540, 540),
(281, 77, '/images/breeds/41c563d7e2951d0d04dd8c8cd4d50c33.jpg', 'Pomeranian example image', b'1', b'1', 540, 540),
(282, 77, '/images/breeds/50da32396bff4b805b32e79eb21e53d2.jpg', 'Pomeranian example image', b'1', b'0', 540, 540),
(283, 77, '/images/breeds/bf376d80e8752194a70b88cba386b4f2.jpg', 'Pomeranian example image', b'1', b'0', 540, 540),
(284, 77, '/images/breeds/48ef9a23f06d758bae5524d57d2592d2.jpg', 'Pomeranian example image', b'1', b'0', 540, 540),
(285, 77, '/images/breeds/8014cba37576a7698c3cd58131e7e54f.jpg', 'Pomeranian example image', b'1', b'0', 540, 540),
(286, 44, '/images/breeds/Portuguese-Water-Dog-standing-in-profile-outdoors.jpg', 'Portuguese Water Dog example image', b'1', b'0', 540, 540),
(287, 44, '/images/breeds/Portuguese-Water-Dog-standing-in-the-garden.jpg', 'Portuguese Water Dog example image', b'1', b'0', 540, 540),
(288, 44, '/images/breeds/PWD_list.jpg', 'Portuguese Water Dog example image', b'1', b'0', 540, 540),
(289, 44, '/images/breeds/dog_portuguese-water-dog_desktop.jpg', 'Portuguese Water Dog example image', b'1', b'1', 540, 540),
(290, 44, '/images/breeds/Portuguese-Water-Dog.jpg', 'Portuguese Water Dog example image', b'1', b'0', 540, 540),
(291, 62, '/images/breeds/0e403e86dc961d59fec94dfb62968a53.jpg', 'Pug example image', b'1', b'0', 540, 540),
(292, 62, '/images/breeds/77025d2001aabd615d18015a28ef8893.jpg', 'Pug example image', b'1', b'1', 540, 540),
(293, 62, '/images/breeds/c03241c397a1159f6fb358ef9d1874bb.jpg', 'Pug example image', b'1', b'0', 540, 540),
(294, 62, '/images/breeds/932a3f628a53b53847bb86e17a8e9534.jpg', 'Pug example image', b'1', b'0', 540, 540),
(295, 62, '/images/breeds/120c338a78b113785c31e4ebf11d229e.jpg', 'Pug example image', b'1', b'0', 540, 540),
(296, 27, '/images/breeds/a13b56a0dbeea4d70e52d48e8e9a7710.jpg', 'Rhodesian Ridgeback example image', b'1', b'0', 540, 540),
(297, 27, '/images/breeds/025d903b457b865fd29424916e42fbc2.jpg', 'Rhodesian Ridgeback example image', b'1', b'0', 540, 540),
(298, 27, '/images/breeds/37f1a6d8a5a2e3929afa8bdfc47aea2c.jpg', 'Rhodesian Ridgeback example image', b'1', b'0', 540, 540),
(299, 27, '/images/breeds/d82595dca7ce016827454328539a5bb7.jpg', 'Rhodesian Ridgeback example image', b'1', b'1', 540, 540),
(300, 27, '/images/breeds/b333b37df9ebb167887a6f7a2f25dccb.jpg', 'Rhodesian Ridgeback example image', b'1', b'0', 540, 540),
(301, 10, '/images/breeds/45d79ec71756709eb708d9abb3ee458f.jpg', 'Rottweiler example image', b'1', b'1', 540, 540),
(302, 10, '/images/breeds/6c6796e1774ac7ee32027efd36a329a1.jpg', 'Rottweiler example image', b'1', b'0', 540, 540),
(303, 10, '/images/breeds/9c255970bc0a106ad9b031c1a5cf97d1.jpg', 'Rottweiler example image', b'1', b'0', 540, 540),
(304, 10, '/images/breeds/2d0a562b51b634648b09778ae720a2d4.jpg', 'Rottweiler example image', b'1', b'0', 540, 540),
(305, 10, '/images/breeds/de48dcd04693d44183fcd50cd329d2e5.jpg', 'Rottweiler example image', b'1', b'0', 540, 540),
(306, 11, '/images/breeds/a7295fb63568fc0b1bfe4900835fc159.jpg', 'Saint Bernard example image', b'1', b'0', 540, 540),
(307, 11, '/images/breeds/c4ceeed5a3de99701f516c39181ce974.jpg', 'Saint Bernard example image', b'1', b'1', 540, 540),
(308, 11, '/images/breeds/625402e42292d1f8ae61e138894559a6.jpg', 'Saint Bernard example image', b'1', b'0', 540, 540),
(309, 11, '/images/breeds/86ead5380434660cdd8a6625ad6fe341.jpg', 'Saint Bernard example image', b'1', b'0', 540, 540),
(310, 11, '/images/breeds/387ae4422add8a82e27f14da3b778a5f.jpg', 'Saint Bernard example image', b'1', b'0', 540, 540),
(311, 45, '/images/breeds/c3487bbf17be7def166026f875edbdc0.jpg', 'Saluki example image', b'1', b'0', 540, 540),
(312, 45, '/images/breeds/05d6e6de49a6999e56de23c4608af441.jpg', 'Saluki example image', b'1', b'0', 540, 540),
(313, 45, '/images/breeds/7f98bb8d798eee9f2204b10aa52a153a.jpg', 'Saluki example image', b'1', b'0', 540, 540),
(314, 45, '/images/breeds/f7c998238377fda6bb1d8622c5d65c45.jpg', 'Saluki example image', b'1', b'0', 540, 540),
(315, 45, '/images/breeds/80a4a8827e7bd85603b6f0aca9bfebec.jpg', 'Saluki example image', b'1', b'1', 540, 540),
(316, 46, '/images/breeds/692e38e7a69583757cfdcecd6533b84a.jpg', 'Samoyed example image', b'1', b'0', 540, 540),
(317, 46, '/images/breeds/d34fba7b6362358f5bd02827ce6389e8.jpg', 'Samoyed example image', b'1', b'0', 540, 540),
(318, 46, '/images/breeds/6eeae947efa8162eb3b8e8a0bafc7997.jpg', 'Samoyed example image', b'1', b'1', 540, 540),
(319, 46, '/images/breeds/5cd231784d822f0e68721536c40a81d8.jpg', 'Samoyed example image', b'1', b'0', 540, 540),
(320, 46, '/images/breeds/43c77db3424becc68da6a3d44591b2cc.jpg', 'Samoyed example image', b'1', b'0', 540, 540),
(321, 63, '/images/breeds/7c577bf4702ba35e902285d4452ed1ca.jpg', 'Schipperke example image', b'1', b'1', 540, 540),
(322, 63, '/images/breeds/9f80e62e65d0cdbde6647f054f12bbef.jpg', 'Schipperke example image', b'1', b'0', 540, 540),
(323, 63, '/images/breeds/a00af55eaca223de36018867b5cf729f.jpg', 'Schipperke example image', b'1', b'0', 540, 540),
(324, 63, '/images/breeds/b76ab109cca8b7170e7b8983dfc1c9db.jpg', 'Schipperke example image', b'1', b'0', 540, 540),
(325, 63, '/images/breeds/c0a34f1fd1f8ccc767a5fcf9a5763e1d.jpg', 'Schipperke example image', b'1', b'0', 540, 540),
(326, 28, '/images/breeds/edb50bbbbf53fb184cbc04f21dd97b81.jpg', 'Scottish Deerhound example image', b'1', b'0', 540, 540),
(327, 28, '/images/breeds/d47fcfb7f8b4de12cb78b54eb1c62dcb.jpg', 'Scottish Deerhound example image', b'1', b'1', 540, 540),
(328, 28, '/images/breeds/27290de13a539134e06d9a5af13e23a1.jpg', 'Scottish Deerhound example image', b'1', b'0', 540, 540),
(329, 28, '/images/breeds/7968fee6de08f19f2a783e5b9a8bd46f.jpg', 'Scottish Deerhound example image', b'1', b'0', 540, 540),
(330, 28, '/images/breeds/3fd4d0daf3781126dde8e6d4e47ce4dd.jpg', 'Scottish Deerhound example image', b'1', b'0', 540, 540),
(331, 64, '/images/breeds/924d9891d144fe3df9c06cc281bc5e86.jpg', 'Sealyham Terrier example image', b'1', b'0', 540, 540),
(332, 64, '/images/breeds/7262b773c5838d6093941df38bd1f319.jpg', 'Sealyham Terrier example image', b'1', b'1', 540, 540),
(333, 64, '/images/breeds/5add2f9fdf959c5dd8e5b2b21128864d.jpg', 'Sealyham Terrier example image', b'1', b'0', 540, 540),
(334, 64, '/images/breeds/6a8adf2f22df7bdf54800318f1a3face.jpg', 'Sealyham Terrier example image', b'1', b'0', 540, 540),
(335, 64, '/images/breeds/a874515996b484c8cd2864b4ae7fcd85.jpg', 'Sealyham Terrier example image', b'1', b'0', 540, 540),
(336, 65, '/images/breeds/Shiba-Inu.jpg', 'Shiba Inu example image', b'1', b'1', 540, 540),
(337, 65, '/images/breeds/Shiba-Inu-standing-in-profile-outdoors.jpg', 'Shiba Inu example image', b'1', b'0', 540, 540),
(338, 65, '/images/breeds/Shiba-Inu-Hero-1.jpg', 'Shiba Inu example image', b'1', b'0', 540, 540),
(339, 65, '/images/breeds/3-overshoulder.jpg', 'Shiba Inu example image', b'1', b'0', 540, 540),
(340, 65, '/images/breeds/1200px-Taka_Shiba.jpg', 'Shiba Inu example image', b'1', b'0', 540, 540),
(341, 66, '/images/breeds/Shih-Tzu.jpg', 'Shih Tzu example image', b'1', b'0', 540, 540),
(342, 66, '/images/breeds/cute-Shih-Tzu-with-mud-on-his-fur-sticks-tongue-out-.jpg', 'Shih Tzu example image', b'1', b'1', 540, 540),
(343, 66, '/images/breeds/Shih-Tzu-17-4-1.jpg', 'Shih Tzu example image', b'1', b'0', 540, 540),
(344, 66, '/images/breeds/Shih-Tzus-together-in-the-grass.jpg', 'Shih Tzu example image', b'1', b'0', 540, 540),
(345, 66, '/images/breeds/shih-tzu-breed-picture-1.jpg', 'Shih Tzu example image', b'1', b'0', 540, 540),
(346, 47, '/images/breeds/ed894588cade79d0253082f96f2a6310.jpg', 'Siberian Husky example image', b'1', b'0', 540, 540),
(347, 47, '/images/breeds/e5fe6ce882c440a45354722376fdb770.jpg', 'Siberian Husky example image', b'1', b'0', 540, 540),
(348, 47, '/images/breeds/38df8edb78febdb8f23253238cce0ba9.jpg', 'Siberian Husky example image', b'1', b'1', 540, 540),
(349, 47, '/images/breeds/3a3d8c875f399ecdeaadf1dd37b9de56.jpg', 'Siberian Husky example image', b'1', b'0', 540, 540),
(350, 47, '/images/breeds/dd694fe7f5b46a6dd7c545d31004e1f6.jpg', 'Siberian Husky example image', b'1', b'0', 540, 540),
(351, 67, '/images/breeds/ff2523c07da7a6cbeeb7c8f8dafed24f.jpg', 'Skye Terrier example image', b'1', b'0', 540, 540),
(352, 67, '/images/breeds/0df4124761f7303a0080d50377f2ec7b.jpg', 'Skye Terrier example image', b'1', b'1', 540, 540),
(353, 67, '/images/breeds/9305df8ac8d5c0744b124ae260d55099.jpg', 'Skye Terrier example image', b'1', b'0', 540, 540),
(354, 67, '/images/breeds/7515d9c6b41d7b8bb0c7fda05278e16d.jpg', 'Skye Terrier example image', b'1', b'0', 540, 540),
(355, 67, '/images/breeds/b737fc5d09de76ab8b5778cc5cc77dcc.jpg', 'Skye Terrier example image', b'1', b'0', 540, 540),
(356, 48, '/images/breeds/staffie-1.jpg', 'Staffordshire Bull Terrier example image', b'1', b'0', 540, 540),
(357, 48, '/images/breeds/Staffordshire-Bull-Terrier-standing-outdoors.jpg', 'Staffordshire Bull Terrier example image', b'1', b'0', 540, 540),
(358, 48, '/images/breeds/blue-staffordshire-bull-terrier-blue-staffordshire-bull-terrier-standing-209218253.jpg', 'Staffordshire Bull Terrier example image', b'1', b'1', 540, 540),
(359, 48, '/images/breeds/staffordshire-bull-terrier.jpg', 'Staffordshire Bull Terrier example image', b'1', b'0', 540, 540),
(360, 48, '/images/breeds/Staffordshire-Bull-Terrier-head-portrait-outdoors.jpg', 'Staffordshire Bull Terrier example image', b'1', b'0', 540, 540),
(361, 68, '/images/breeds/071652f5f5d0bf00983c075e96ad725f.jpg', 'Tibetan Spaniel example image', b'1', b'0', 540, 540),
(362, 68, '/images/breeds/95b04ef45b853922685ba6d257fc2f0c.jpg', 'Tibetan Spaniel example image', b'1', b'1', 540, 540),
(363, 68, '/images/breeds/cf006bb3f31c015f513071e9067f8ee0.jpg', 'Tibetan Spaniel example image', b'1', b'0', 540, 540),
(364, 68, '/images/breeds/0fe613c90931a021ad3716dcb9a5f270.jpg', 'Tibetan Spaniel example image', b'1', b'0', 540, 540),
(365, 68, '/images/breeds/b7210485096e88407ad8bd62d1969e02.jpg', 'Tibetan Spaniel example image', b'1', b'0', 540, 540),
(366, 69, '/images/breeds/fc94a4822e2d9427568b6d5427e903a7.jpg', 'Tibetan Terrier example image', b'1', b'0', 540, 540),
(367, 69, '/images/breeds/85c581c27e5087f96a06de686e97dc88.jpg', 'Tibetan Terrier example image', b'1', b'0', 540, 540),
(368, 69, '/images/breeds/96e158af695d168ded068b4b115b69ab.jpg', 'Tibetan Terrier example image', b'1', b'0', 540, 540),
(369, 69, '/images/breeds/ffc532991d3cd7880d27a449ed1c4770.jpg', 'Tibetan Terrier example image', b'1', b'0', 540, 540),
(370, 69, '/images/breeds/311e99a9c864d77231937854e77cb329.jpg', 'Tibetan Terrier example image', b'1', b'1', 540, 540),
(371, 49, '/images/breeds/ca61b56aa74ae742e9022874b8676112.jpg', 'Vizsla example image', b'1', b'0', 540, 540),
(372, 49, '/images/breeds/0b1e71a499a26eaacc06991bca982523.jpg', 'Vizsla example image', b'1', b'0', 540, 540),
(373, 49, '/images/breeds/f3b47556eea0151354f1ee1b40762fce.jpg', 'Vizsla example image', b'1', b'0', 540, 540),
(374, 49, '/images/breeds/95c246b63eb7f6c5312181d954d5d01c.jpg', 'Vizsla example image', b'1', b'1', 540, 540),
(375, 49, '/images/breeds/cc7ae3da3bebcc4acb10128078cdf29a.jpg', 'Vizsla example image', b'1', b'0', 540, 540),
(376, 50, '/images/breeds/81f5681a9e71dcccfeb64b104a22dfda.jpg', 'Welsh Springer Spaniel example image', b'1', b'0', 540, 540),
(377, 50, '/images/breeds/93da5672c36d4aa8c89b9a526f4a33fc.jpg', 'Welsh Springer Spaniel example image', b'1', b'0', 540, 540),
(378, 50, '/images/breeds/ad019e394b55406f412b9a03899d5705.jpg', 'Welsh Springer Spaniel example image', b'1', b'0', 540, 540),
(379, 50, '/images/breeds/e81b2d682dd2a2f5900b07551297f0a5.jpg', 'Welsh Springer Spaniel example image', b'1', b'0', 540, 540),
(380, 50, '/images/breeds/c1eadd472eb3727e82e69fe3f0170f10.jpg', 'Welsh Springer Spaniel example image', b'1', b'1', 540, 540),
(381, 70, '/images/breeds/e3e2cb3f0677ec569e74474b7e6a236d.jpg', 'Whippet example image', b'1', b'0', 540, 540),
(382, 70, '/images/breeds/bce16a980008e997450eb48c3cdc7581.jpg', 'Whippet example image', b'1', b'1', 540, 540),
(383, 70, '/images/breeds/18fa3a34649877d88173d1e3c05c12ff.jpg', 'Whippet example image', b'1', b'0', 540, 540),
(384, 70, '/images/breeds/fca387fcb6630ae11536b3374d3b2234.jpg', 'Whippet example image', b'1', b'0', 540, 540),
(385, 70, '/images/breeds/7cbf5c9694a8b039a2d3b47e64a7f750.jpg', 'Whippet example image', b'1', b'0', 540, 540);

-- --------------------------------------------------------

--
-- Table structure for table `dog_breeds`
--

CREATE TABLE `dog_breeds` (
  `breed_id` int(11) NOT NULL,
  `Breed` varchar(64) NOT NULL,
  `height_low` int(11) NOT NULL,
  `height_high` int(11) NOT NULL,
  `weight_low` int(11) NOT NULL,
  `weight_high` int(11) NOT NULL,
  `height_class` int(11) NOT NULL,
  `weight_class` int(11) NOT NULL,
  `adult_cal_intake_low` int(11) NOT NULL,
  `adult_cal_intake_high` int(11) NOT NULL,
  `intelligence_desc` varchar(64) NOT NULL,
  `obey_perc` decimal(4,2) NOT NULL,
  `training_reps_low` int(11) NOT NULL,
  `training_reps_high` int(11) NOT NULL,
  `intelligence_class` int(11) NOT NULL,
  `adaptability_class` int(11) NOT NULL,
  `general_friendliness_class` int(11) NOT NULL,
  `apartment_living_class` int(11) NOT NULL,
  `family_affectionate_class` int(11) NOT NULL,
  `shedding_amount_class` int(11) NOT NULL,
  `dog_friendly_class` int(11) NOT NULL,
  `drooling_potential_class` int(11) NOT NULL,
  `ease_of_grooming_class` int(11) NOT NULL,
  `energy_level_class` int(11) NOT NULL,
  `exercise_needs_class` int(11) NOT NULL,
  `friendly_toward_strangers_class` int(11) NOT NULL,
  `general_health_class` int(11) NOT NULL,
  `good_for_novice_owners` int(11) NOT NULL,
  `incredibly_kid_friendly_class` int(11) NOT NULL,
  `intensity_class` int(11) NOT NULL,
  `potential_for_mouthiness_class` int(11) NOT NULL,
  `potential_for_playfulness_class` int(11) NOT NULL,
  `potential_for_weight_gain_class` int(11) NOT NULL,
  `prey_drive_class` int(11) NOT NULL,
  `sensitivity_class` int(11) NOT NULL,
  `size_class` int(11) NOT NULL,
  `tendency_to_bark_or_howl_class` int(11) NOT NULL,
  `tolerates_being_alone_class` int(11) NOT NULL,
  `tolerates_cold_weather_class` int(11) NOT NULL,
  `tolerates_hot_weather_class` int(11) NOT NULL,
  `wanderlust_potential_class` int(11) NOT NULL,
  `watchdog_class` int(11) NOT NULL,
  `type_of_dog` varchar(16) NOT NULL,
  `average_lifespan` decimal(5,2) NOT NULL,
  `genetic_conditions` varchar(256) NOT NULL,
  `genetic_diseases` varchar(256) NOT NULL,
  `lifetime_cost_class` int(11) NOT NULL,
  `average_lifespan_class` int(11) NOT NULL,
  `average_purchase_price_class` int(11) NOT NULL,
  `popularity_class` int(11) NOT NULL
) ENGINE=InnoDB DEFAULT CHARSET=utf8;

--
-- Dumping data for table `dog_breeds`
--

INSERT INTO `dog_breeds` (`breed_id`, `Breed`, `height_low`, `height_high`, `weight_low`, `weight_high`, `height_class`, `weight_class`, `adult_cal_intake_low`, `adult_cal_intake_high`, `intelligence_desc`, `obey_perc`, `training_reps_low`, `training_reps_high`, `intelligence_class`, `adaptability_class`, `general_friendliness_class`, `apartment_living_class`, `family_affectionate_class`, `shedding_amount_class`, `dog_friendly_class`, `drooling_potential_class`, `ease_of_grooming_class`, `energy_level_class`, `exercise_needs_class`, `friendly_toward_strangers_class`, `general_health_class`, `good_for_novice_owners`, `incredibly_kid_friendly_class`, `intensity_class`, `potential_for_mouthiness_class`, `potential_for_playfulness_class`, `potential_for_weight_gain_class`, `prey_drive_class`, `sensitivity_class`, `size_class`, `tendency_to_bark_or_howl_class`, `tolerates_being_alone_class`, `tolerates_cold_weather_class`, `tolerates_hot_weather_class`, `wanderlust_potential_class`, `watchdog_class`, `type_of_dog`, `average_lifespan`, `genetic_conditions`, `genetic_diseases`, `lifetime_cost_class`, `average_lifespan_class`, `average_purchase_price_class`, `popularity_class`) VALUES
(1, 'Akita', 66, 72, 36, 55, 2, 3, 1481, 2488, 'Average Working/Obedience Intelligence', '0.50', 26, 40, 3, 3, 2, 2, 5, 5, 1, 5, 1, 4, 4, 2, 4, 2, 1, 3, 3, 5, 4, 4, 5, 4, 5, 1, 5, 2, 4, 5, 'working', '10.16', 'hip problems', 'hip dysplasia', 3, 2, 2, 4),
(2, 'Bernese Mountain Dog', 58, 69, 38, 50, 2, 3, 1542, 2316, 'Excellent Working Dogs', '0.85', 5, 15, 5, 2, 5, 1, 5, 5, 3, 4, 3, 4, 3, 5, 1, 2, 5, 3, 5, 4, 4, 5, 4, 5, 4, 1, 5, 1, 3, 5, 'working', '7.56', 'meningitis, elbow + hip problems, complex immune disorder', 'Meningitis, Elbow dysplasia - OCD of the elbow, Hip dysplasia, Histiocytosis', 2, 1, 2, 5),
(3, 'Bloodhound', 60, 67, 36, 55, 2, 3, 1481, 2488, 'Lowest Degree of Working/Obedience Intelligence', '0.00', 81, 100, 1, 3, 5, 1, 5, 4, 5, 5, 1, 5, 5, 5, 3, 2, 5, 4, 5, 3, 3, 3, 4, 4, 4, 2, 3, 3, 5, 1, 'hound', '6.75', 'fatal stomach bloat, skin problems', 'Gastric dilatation-volvulus, Hip dysplasia', 1, 1, 1, 4),
(4, 'Borzoi', 66, 72, 31, 46, 2, 3, 1324, 2176, 'Lowest Degree of Working/Obedience Intelligence', '0.00', 81, 100, 1, 4, 4, 5, 4, 5, 4, 1, 4, 2, 2, 4, 4, 3, 3, 2, 3, 3, 2, 5, 5, 5, 2, 1, 4, 3, 4, 1, 'hound', '9.08', 'none', 'none', 2, 2, 1, 2),
(5, 'Bullmastiff', 63, 69, 45, 59, 2, 4, 1751, 2622, 'Fair Working/Obedience Intelligence', '0.30', 41, 80, 2, 3, 4, 3, 5, 1, 4, 5, 5, 2, 3, 3, 2, 2, 5, 4, 3, 5, 5, 3, 4, 5, 4, 2, 4, 2, 3, 5, 'working', '7.57', 'eye, hip problems', 'Entropion, Hip dysplasia', 1, 1, 2, 4),
(6, 'Great Dane', 81, 82, 54, 73, 3, 4, 2007, 3076, 'Average Working/Obedience Intelligence', '0.50', 26, 40, 3, 2, 5, 1, 5, 5, 5, 4, 5, 5, 5, 5, 4, 1, 5, 5, 2, 5, 2, 3, 5, 5, 4, 1, 2, 3, 3, 5, 'working', '6.96', 'heart, spinal, hip problems, fatal stomach bloat', 'Dilated cardiomyopathy, Cervical vertebral instability (Wobbler syndrome), Gastric dilatation-volvulus, Hip dysplasia', 1, 1, 2, 5),
(7, 'Great Pyrenees', 68, 82, 43, 55, 3, 3, 1692, 2488, 'Fair Working/Obedience Intelligence', '0.30', 41, 80, 2, 3, 4, 1, 5, 5, 4, 2, 4, 5, 5, 3, 2, 1, 4, 5, 2, 4, 4, 5, 4, 5, 5, 3, 5, 3, 5, 5, 'working', '10.00', 'hip problems', 'hip dysplasia', 5, 2, 1, 3),
(8, 'Irish Wolfhound', 71, 89, 40, 69, 3, 4, 1603, 2949, 'Average Working/Obedience Intelligence', '0.50', 26, 40, 3, 2, 5, 1, 5, 3, 5, 1, 3, 2, 4, 5, 1, 2, 5, 2, 3, 4, 3, 5, 3, 5, 1, 2, 4, 2, 3, 3, 'hound', '6.94', 'heart, liver, hip problems', 'Dilated cardiomyopathy, Hip dysplasia, Portosystemic shunt', 3, 1, 2, 3),
(9, 'Mastiff', 68, 77, 79, 87, 3, 5, 2671, 3509, 'Lowest Degree of Working/Obedience Intelligence', '0.00', 81, 100, 1, 2, 4, 2, 5, 3, 2, 5, 3, 3, 4, 2, 3, 1, 5, 3, 4, 4, 4, 2, 3, 5, 2, 3, 4, 1, 1, 5, 'working', '6.50', 'hip, heart problems', 'Hip dysplasia, Pulmonic stenosis', 1, 1, 1, 5),
(10, 'Rottweiler', 55, 69, 40, 50, 2, 3, 1603, 2316, 'Brightest Dogs', '0.95', 1, 4, 5, 2, 4, 2, 5, 4, 2, 4, 5, 4, 4, 4, 2, 1, 4, 4, 3, 5, 5, 4, 4, 3, 4, 1, 2, 3, 2, 5, 'working', '9.11', 'heart, elbow, hip problems', 'Subaortic stenosis, Elbow dysplasia - OCD of the elbow, Hip dysplasia', 3, 2, 2, 5),
(11, 'Saint Bernard', 63, 72, 49, 87, 2, 5, 1866, 3509, 'Fair Working/Obedience Intelligence', '0.30', 41, 80, 2, 3, 5, 3, 5, 4, 5, 5, 2, 3, 2, 5, 2, 2, 5, 2, 3, 4, 4, 1, 4, 5, 1, 1, 5, 1, 2, 3, 'working', '7.78', 'heart, hip disorders, fatal stomach bloat', 'Dilated cardiomyopathy, Gastric dilatation-volvulus, Hip dysplasia', 3, 1, 1, 4),
(12, 'Afghan Hound', 63, 69, 22, 28, 2, 2, 1023, 1499, 'Lowest Degree of Working/Obedience Intelligence', '0.00', 81, 100, 1, 4, 4, 5, 5, 4, 4, 1, 1, 5, 4, 2, 3, 3, 5, 2, 3, 4, 1, 5, 5, 4, 2, 2, 5, 5, 5, 1, 'hound', '11.92', 'none', 'none', 5, 3, 1, 3),
(13, 'Boxer', 53, 64, 29, 32, 2, 2, 1259, 1657, 'Average Working/Obedience Intelligence', '0.50', 26, 40, 3, 3, 4, 4, 5, 4, 3, 2, 5, 5, 5, 4, 2, 3, 4, 5, 2, 5, 4, 3, 4, 3, 3, 1, 2, 1, 3, 5, 'working', '8.81', 'eye, nerve, heart problems', 'Corneal dystrophy, Degenerative myelopathy, Dilated cardiomyopathy, Subaortic stenosis', 2, 2, 1, 5),
(14, 'Briard', 58, 69, 33, 35, 2, 2, 1387, 1772, 'Above Average Working Dogs', '0.70', 16, 25, 4, 3, 4, 3, 4, 1, 5, 1, 1, 4, 4, 2, 3, 3, 5, 4, 2, 4, 3, 3, 4, 4, 4, 3, 4, 3, 5, 5, 'herding', '11.17', 'hip problems', 'hip dysplasia', 3, 3, 1, 2),
(15, 'Chesapeake Bay Retriever', 53, 67, 24, 35, 2, 2, 1092, 1772, 'Above Average Working Dogs', '0.70', 16, 25, 4, 3, 3, 1, 5, 5, 1, 3, 5, 5, 5, 1, 4, 1, 3, 5, 3, 4, 4, 3, 3, 3, 3, 2, 4, 4, 4, 3, 'sporting', '9.48', 'hip problems', 'hip dysplasia', 2, 2, 1, 4),
(16, 'Clumber Spaniel', 48, 51, 15, 30, 2, 2, 768, 1579, 'Above Average Working Dogs', '0.70', 16, 25, 4, 4, 4, 5, 5, 5, 4, 5, 1, 3, 2, 3, 2, 5, 3, 1, 5, 5, 5, 5, 4, 3, 1, 2, 5, 2, 4, 3, 'sporting', '10.00', 'none', 'none', 2, 2, 2, 2),
(17, 'Doberman Pinscher', 66, 72, 27, 46, 2, 3, 1193, 2176, 'Brightest Dogs', '0.95', 1, 4, 5, 3, 3, 3, 5, 4, 1, 4, 5, 3, 3, 3, 1, 3, 3, 3, 2, 5, 3, 1, 5, 4, 1, 2, 1, 4, 2, 5, 'working', '10.33', 'heart, spine, blood clotting disorders', 'Dilated cardiomyopathy, Cervical vertebral instability (Wobbler syndrome), Intervertebral disk disease, von Willebrand\'s disease', 3, 2, 1, 5),
(18, 'English Setter', 58, 69, 20, 37, 2, 2, 953, 1848, 'Above Average Working Dogs', '0.70', 16, 25, 4, 3, 5, 1, 5, 3, 5, 2, 3, 4, 5, 5, 3, 3, 5, 2, 4, 5, 5, 5, 4, 3, 4, 1, 4, 3, 5, 3, 'sporting', '11.57', 'deafness, hip problems', 'deafness, hip dysplasia', 3, 3, 1, 3),
(19, 'German Shorthaired Pointer', 50, 69, 22, 37, 2, 2, 1023, 1848, 'Excellent Working Dogs', '0.85', 5, 15, 5, 2, 4, 1, 5, 2, 4, 2, 5, 5, 5, 3, 3, 2, 5, 3, 4, 5, 3, 5, 4, 3, 3, 1, 2, 4, 5, 3, 'sporting', '11.46', 'hip problems', 'hip dysplasia', 5, 3, 1, 5),
(20, 'German Wirehaired Pointer', 55, 67, 27, 32, 2, 2, 1193, 1657, 'Average Working/Obedience Intelligence', '0.50', 26, 40, 3, 3, 3, 2, 5, 2, 3, 2, 4, 5, 5, 2, 4, 3, 3, 4, 4, 5, 3, 4, 4, 4, 3, 2, 3, 4, 5, 5, 'sporting', '10.00', 'hip problems', 'hip dysplasia', 5, 2, 1, 3),
(21, 'Giant Schnauzer', 63, 72, 31, 35, 2, 2, 1324, 1772, 'Above Average Working Dogs', '0.70', 16, 25, 4, 2, 3, 1, 5, 4, 3, 1, 2, 5, 5, 2, 4, 1, 3, 2, 3, 5, 3, 4, 4, 4, 4, 2, 4, 2, 4, 5, 'working', '10.00', 'hip problems', 'hip dysplasia', 5, 2, 1, 3),
(22, 'Golden Retriever', 53, 61, 24, 35, 2, 2, 1092, 1772, 'Brightest Dogs', '0.95', 1, 4, 5, 3, 5, 2, 5, 5, 5, 4, 2, 5, 5, 5, 2, 3, 5, 2, 5, 5, 5, 3, 5, 3, 3, 1, 3, 3, 2, 3, 'sporting', '12.04', 'elbows, hips, eyes, heart', 'elbow dysplasia, hip dysplasia, retinal dysplasia, subaortic stenosis', 4, 3, 2, 5),
(23, 'Gordon Setter', 58, 69, 20, 37, 2, 2, 953, 1848, 'Above Average Working Dogs', '0.70', 16, 25, 4, 3, 3, 2, 5, 5, 2, 3, 2, 5, 5, 3, 4, 3, 3, 2, 3, 5, 3, 4, 4, 3, 5, 1, 4, 3, 4, 4, 'sporting', '11.10', 'hip problems', 'hip dysplasia', 3, 3, 1, 3),
(24, 'Greyhound', 68, 77, 27, 32, 3, 2, 1193, 1657, 'Average Working/Obedience Intelligence', '0.50', 26, 40, 3, 3, 5, 4, 5, 4, 4, 5, 5, 5, 5, 5, 4, 2, 5, 3, 4, 4, 5, 5, 5, 4, 2, 1, 1, 5, 5, 3, 'hound', '9.36', 'blood vessel disorders', 'familial vasculopathy', 2, 2, 2, 1),
(25, 'Irish Setter', 63, 69, 27, 32, 2, 2, 1193, 1657, 'Above Average Working Dogs', '0.70', 16, 25, 4, 3, 5, 1, 5, 4, 5, 2, 3, 5, 5, 5, 2, 3, 5, 3, 5, 5, 3, 5, 4, 4, 4, 2, 4, 3, 5, 3, 'sporting', '11.63', 'hip, eye problems', 'Hip dysplasia, Progressive retinal atrophy', 3, 3, 1, 3),
(26, 'Labrador Retriever', 53, 61, 24, 37, 2, 2, 1092, 1848, 'Brightest Dogs', '0.95', 1, 4, 5, 3, 5, 1, 5, 5, 5, 3, 5, 5, 5, 5, 3, 3, 5, 5, 5, 5, 5, 2, 5, 4, 4, 2, 3, 3, 3, 3, 'sporting', '12.04', 'elbows, hips, eyes', 'elbow dysplasia, hip dysplasia, retinal dysplasia', 4, 3, 1, 5),
(27, 'Rhodesian Ridgeback', 60, 69, 31, 39, 2, 3, 1324, 1922, 'Average Working/Obedience Intelligence', '0.50', 26, 40, 3, 3, 4, 1, 5, 4, 4, 1, 5, 4, 5, 3, 4, 2, 4, 4, 3, 5, 3, 5, 4, 4, 1, 2, 3, 3, 5, 3, 'hound', '9.10', 'birth defects, hip problems', 'dermoid sinus, Hip dysplasia', 2, 2, 2, 4),
(28, 'Scottish Deerhound', 71, 82, 34, 50, 3, 3, 1419, 2316, 'Average Working/Obedience Intelligence', '0.50', 26, 40, 3, 3, 4, 1, 5, 5, 2, 1, 2, 5, 5, 5, 3, 1, 4, 5, 4, 5, 4, 5, 3, 5, 1, 2, 4, 4, 4, 1, 'hound', '8.70', 'heart problems, fatal stomach bloat', 'Dilated cardiomyopathy, Gastric dilatation-volvulus', 3, 2, 1, 1),
(29, 'Australian Shepherd', 45, 59, 18, 28, 2, 2, 880, 1499, 'Average Working/Obedience Intelligence', '0.50', 26, 40, 3, 3, 4, 1, 5, 3, 5, 1, 1, 5, 5, 3, 2, 2, 4, 4, 4, 5, 4, 4, 5, 3, 4, 2, 4, 4, 5, 5, 'herding', '12.28', 'deafness, hip problems', 'deafness, hip dysplasia', 4, 3, 1, 5),
(30, 'Basset Hound', 35, 36, 18, 23, 1, 2, 880, 1293, 'Lowest Degree of Working/Obedience Intelligence', '0.00', 81, 100, 1, 3, 5, 5, 5, 4, 5, 4, 5, 2, 2, 5, 1, 4, 5, 2, 3, 2, 5, 5, 4, 2, 4, 3, 2, 2, 5, 1, 'hound', '11.43', 'blood, skin disorders', 'Platelet dysfunction (thrombocytopathia, Basset hound thrombopathia), seborrhea', 3, 3, 1, 4),
(31, 'Bearded Collie', 50, 56, 18, 28, 2, 2, 880, 1499, 'Above Average Working Dogs', '0.70', 16, 25, 4, 3, 5, 3, 5, 4, 5, 1, 2, 4, 4, 4, 3, 4, 4, 4, 3, 5, 4, 3, 4, 3, 3, 2, 4, 3, 5, 4, 'herding', '12.77', 'none', 'none', 3, 4, 1, 2),
(32, 'Border Collie', 48, 54, 18, 19, 2, 2, 880, 1121, 'Brightest Dogs', '0.95', 1, 4, 5, 3, 4, 2, 5, 3, 3, 1, 3, 5, 5, 5, 2, 2, 4, 3, 3, 5, 3, 3, 5, 3, 2, 1, 4, 4, 3, 5, 'herding', '12.52', 'eye problems, deafness', 'Collie eye anomaly, deafness', 3, 4, 1, 4),
(33, 'Bull Terrier', 53, 56, 22, 32, 2, 2, 1023, 1657, 'Fair Working/Obedience Intelligence', '0.30', 41, 80, 2, 3, 5, 4, 5, 3, 4, 1, 5, 4, 5, 5, 4, 4, 5, 5, 4, 5, 5, 4, 5, 2, 1, 2, 1, 4, 5, 5, 'terrier', '10.21', 'heart problems, zinc metabolism disorder', 'lethal acrodermatitis, Mitral valve dysplasia', 3, 2, 2, 4),
(34, 'Chow Chow', 48, 56, 20, 25, 2, 2, 953, 1377, 'Lowest Degree of Working/Obedience Intelligence', '0.00', 81, 100, 1, 3, 1, 3, 2, 1, 1, 3, 1, 2, 2, 1, 2, 2, 1, 2, 5, 1, 4, 2, 2, 4, 1, 5, 5, 2, 2, 3, 'non-sporting', '9.01', 'eye, hip problems', 'Entropion, Hip dysplasia', 2, 2, 1, 4),
(35, 'Dalmatian', 48, 59, 20, 32, 2, 2, 953, 1657, 'Above Average Working Dogs', '0.70', 16, 25, 4, 3, 4, 2, 5, 5, 4, 1, 5, 5, 5, 3, 4, 3, 4, 4, 2, 4, 4, 2, 4, 3, 2, 3, 3, 4, 4, 3, 'non-sporting', '11.27', 'deafness, urinary stones', 'Deafness, Urolithiasis (stones)', 3, 3, 1, 3),
(36, 'English Springer Spaniel', 50, 51, 20, 25, 2, 2, 953, 1377, 'Excellent Working Dogs', '0.85', 5, 15, 5, 3, 5, 1, 5, 3, 5, 1, 2, 5, 5, 4, 3, 3, 5, 3, 3, 5, 3, 5, 4, 3, 3, 1, 3, 4, 4, 3, 'sporting', '12.54', 'hip, eye, skin problems; enzyme deficiency', 'Hip dysplasia, Phosphofructokinase (PFK) deficiency, Retinal dysplasia, seborrhea', 4, 4, 1, 5),
(37, 'Field Spaniel', 45, 46, 15, 23, 2, 2, 768, 1293, 'Above Average Working Dogs', '0.70', 16, 25, 4, 3, 5, 1, 5, 3, 4, 1, 4, 5, 5, 4, 3, 3, 5, 3, 3, 5, 4, 4, 4, 2, 2, 1, 3, 4, 5, 3, 'sporting', '9.90', 'none', 'none', 2, 2, 1, 1),
(38, 'Finnish Spitz', 38, 51, 14, 16, 2, 1, 729, 985, 'Average Working/Obedience Intelligence', '0.50', 26, 40, 3, 3, 5, 3, 5, 4, 5, 1, 2, 5, 5, 3, 4, 3, 5, 4, 3, 5, 3, 3, 3, 3, 5, 1, 5, 3, 4, 3, 'non-sporting', '11.17', 'none', 'none', 3, 3, 1, 1),
(39, 'Irish Water Spaniel', 25, 59, 20, 30, 1, 2, 953, 1579, 'Excellent Working Dogs', '0.85', 5, 15, 5, 3, 5, 3, 5, 1, 4, 2, 3, 5, 5, 5, 2, 2, 5, 3, 3, 4, 3, 5, 4, 3, 4, 3, 4, 4, 3, 4, 'sporting', '9.33', 'hip problems', 'hip dysplasia', 3, 2, 1, 1),
(40, 'Keeshond', 43, 49, 15, 23, 2, 2, 768, 1293, 'Excellent Working Dogs', '0.85', 5, 15, 5, 4, 5, 4, 5, 5, 4, 1, 3, 4, 3, 4, 3, 4, 5, 3, 3, 5, 4, 3, 5, 3, 4, 1, 5, 3, 2, 4, 'non-sporting', '12.17', 'hip problems', 'hip dysplasia', 4, 3, 1, 3),
(41, 'Kerry Blue Terrier', 43, 54, 13, 21, 2, 1, 690, 1208, 'Above Average Working Dogs', '0.70', 16, 25, 4, 3, 4, 3, 4, 1, 2, 1, 2, 4, 5, 5, 3, 2, 4, 4, 4, 4, 3, 3, 3, 3, 4, 3, 4, 3, 3, 5, 'terrier', '9.40', 'heart problems', 'Patent ductus arteriosus (PDA)', 2, 2, 2, 2),
(42, 'Pharaoh Hound', 53, 64, 20, 25, 2, 2, 953, 1377, 'Above Average Working Dogs', '0.70', 16, 25, 4, 4, 5, 4, 5, 2, 5, 1, 4, 2, 4, 4, 5, 4, 5, 3, 4, 4, 3, 5, 5, 3, 4, 2, 1, 5, 4, 2, 'hound', '11.83', 'none', 'none', 3, 3, 1, 1),
(43, 'Pointer', 53, 61, 19, 30, 2, 2, 917, 1579, 'Average Working/Obedience Intelligence', '0.50', 26, 40, 3, 2, 5, 1, 5, 3, 5, 1, 5, 5, 5, 5, 3, 1, 5, 5, 5, 5, 3, 5, 3, 3, 3, 1, 2, 4, 5, 4, 'sporting', '12.42', 'hip problems', 'hip dysplasia', 5, 4, 1, 2),
(44, 'Portuguese Water Dog', 50, 59, 19, 28, 2, 2, 917, 1499, 'Above Average Working Dogs', '0.70', 16, 25, 4, 3, 5, 4, 5, 1, 5, 1, 2, 5, 5, 3, 4, 3, 5, 3, 5, 5, 3, 3, 4, 3, 3, 2, 4, 3, 3, 4, 'working', '11.42', 'none', 'none', 3, 3, 2, 4),
(45, 'Saluki', 58, 72, 15, 32, 2, 2, 768, 1657, 'Average Working/Obedience Intelligence', '0.50', 26, 40, 3, 2, 4, 1, 5, 2, 4, 1, 4, 5, 5, 1, 4, 2, 4, 2, 4, 5, 1, 5, 5, 4, 1, 1, 2, 3, 5, 3, 'hound', '12.00', 'none', 'none', 5, 3, 2, 2),
(46, 'Samoyed', 48, 61, 22, 30, 2, 2, 1023, 1579, 'Above Average Working Dogs', '0.70', 16, 25, 4, 3, 5, 2, 5, 5, 5, 2, 1, 5, 5, 5, 3, 2, 5, 2, 3, 5, 4, 5, 4, 3, 3, 2, 5, 1, 4, 4, 'working', '12.44', 'hip problems', 'hip dysplasia', 5, 4, 2, 3),
(47, 'Siberian Husky', 50, 59, 18, 28, 2, 2, 880, 1499, 'Average Working/Obedience Intelligence', '0.50', 26, 40, 3, 3, 5, 2, 5, 3, 5, 3, 2, 5, 5, 5, 4, 1, 5, 3, 4, 5, 2, 3, 4, 3, 5, 1, 5, 3, 5, 1, 'working', '12.58', 'none', 'none', 4, 4, 1, 5),
(48, 'Staffordshire Bull Terrier', 35, 41, 10, 13, 1, 1, 566, 843, 'Average Working/Obedience Intelligence', '0.50', 26, 40, 3, 2, 4, 3, 5, 3, 1, 3, 5, 3, 4, 5, 3, 1, 5, 3, 2, 5, 4, 2, 4, 2, 3, 2, 3, 1, 4, 3, 'terrier', '12.05', 'hip problems', 'hip dysplasia', 4, 3, 2, 3),
(49, 'Vizsla', 121, 168, 9, 12, 5, 1, 523, 794, 'Excellent Working Dogs', '0.85', 5, 15, 5, 3, 5, 1, 5, 2, 5, 1, 5, 5, 5, 5, 4, 3, 5, 4, 4, 5, 2, 2, 5, 3, 5, 1, 1, 4, 5, 3, 'sporting', '12.50', 'none', 'none', 5, 4, 2, 4),
(50, 'Welsh Springer Spaniel', 40, 49, 15, 21, 2, 2, 768, 1208, 'Above Average Working Dogs', '0.70', 16, 25, 4, 4, 4, 4, 5, 3, 4, 1, 4, 5, 5, 3, 4, 4, 5, 4, 3, 4, 4, 3, 5, 3, 5, 1, 4, 4, 5, 4, 'sporting', '12.49', 'hip problems', 'hip dysplasia', 3, 4, 1, 2),
(51, 'Australian Terrier', 25, 26, 4, 7, 1, 1, 285, 530, 'Above Average Working Dogs', '0.70', 16, 25, 4, 3, 3, 5, 4, 1, 2, 1, 5, 5, 4, 3, 5, 3, 3, 5, 1, 5, 3, 5, 2, 1, 5, 2, 3, 4, 4, 3, 'terrier', '11.05', 'none', 'none', 2, 3, 1, 2),
(52, 'Basenji', 43, 44, 9, 10, 1, 1, 523, 692, 'Lowest Degree of Working/Obedience Intelligence', '0.00', 81, 100, 1, 4, 5, 5, 5, 1, 4, 5, 5, 5, 5, 5, 2, 4, 5, 1, 5, 2, 2, 5, 3, 2, 1, 4, 1, 4, 5, 5, 'hound', '13.58', 'kidney, eye problems, anaemia', 'Fanconi syndrome, Persistent pupillary membranes (PPM), Pyruvate kinase (PK) deficiency', 4, 4, 2, 3),
(53, 'Beagle', 33, 41, 8, 14, 1, 1, 479, 891, 'Lowest Degree of Working/Obedience Intelligence', '0.00', 81, 100, 1, 3, 5, 4, 5, 3, 5, 1, 4, 4, 4, 5, 1, 3, 5, 5, 3, 5, 5, 5, 4, 2, 5, 1, 2, 4, 5, 1, 'hound', '12.30', 'heart problems', 'Pulmonic stenosis', 3, 3, 1, 5),
(54, 'Bedlington Terrier', 38, 41, 8, 11, 1, 1, 479, 744, 'Average Working/Obedience Intelligence', '0.50', 26, 40, 3, 4, 5, 4, 5, 5, 4, 1, 1, 4, 4, 5, 4, 4, 4, 2, 4, 5, 3, 5, 3, 3, 3, 3, 4, 3, 4, 3, 'terrier', '13.51', 'liver, eye problems', 'Chronic hepatitis, Retinal dysplasia', 4, 4, 2, 2),
(55, 'Bichon Frise', 24, 30, 4, 9, 1, 1, 285, 640, 'Average Working/Obedience Intelligence', '0.50', 26, 40, 3, 4, 5, 5, 5, 2, 4, 1, 1, 5, 3, 5, 4, 5, 4, 3, 3, 5, 4, 4, 5, 2, 2, 1, 3, 4, 2, 3, 'non-sporting', '12.21', 'none', 'none', 3, 3, 1, 4),
(56, 'Border Terrier', 30, 39, 5, 7, 1, 1, 337, 530, 'Above Average Working Dogs', '0.70', 16, 25, 4, 3, 4, 4, 5, 3, 2, 1, 2, 4, 5, 5, 4, 3, 4, 4, 5, 5, 5, 5, 3, 2, 1, 1, 4, 3, 4, 4, 'terrier', '14.00', 'none', 'none', 4, 4, 1, 3),
(57, 'Boston Terrier', 35, 39, 6, 12, 1, 1, 386, 794, 'Average Working/Obedience Intelligence', '0.50', 26, 40, 3, 4, 5, 5, 4, 2, 5, 1, 5, 4, 4, 4, 4, 4, 5, 5, 2, 5, 3, 2, 5, 2, 3, 3, 3, 2, 5, 3, 'non-sporting', '10.92', 'breathing problems', 'brachycephalic syndrome', 2, 3, 1, 5),
(58, 'Cairn Terrier', 22, 26, 6, 7, 1, 1, 386, 530, 'Above Average Working Dogs', '0.70', 16, 25, 4, 4, 5, 5, 5, 3, 4, 1, 5, 5, 4, 4, 4, 4, 5, 4, 3, 5, 3, 4, 3, 1, 4, 1, 4, 4, 3, 4, 'terrier', '13.84', '\'lion jaw\', heart problems', 'Craniomandibular osteopathy (\"lion jaw\"), Mitral valve dysplasia', 4, 4, 1, 4),
(59, 'Cavalier King Charles Spaniel', 25, 39, 6, 10, 1, 1, 386, 692, 'Average Working/Obedience Intelligence', '0.50', 26, 40, 3, 4, 5, 5, 5, 3, 5, 1, 4, 3, 4, 5, 4, 5, 5, 2, 3, 5, 4, 3, 5, 2, 3, 1, 3, 2, 2, 2, 'toy', '11.29', 'heart, spinal problems', 'Mitral valve dysplasia, Chiari-like malformation (CM) and syringomyelia (SM)', 3, 3, 2, 5),
(60, 'Dachshund', 17, 26, 7, 15, 1, 1, 433, 939, 'Average Working/Obedience Intelligence', '0.50', 26, 40, 3, 3, 3, 5, 4, 3, 3, 1, 3, 3, 3, 1, 2, 4, 5, 3, 4, 4, 5, 5, 4, 1, 5, 3, 1, 3, 5, 3, 'hound', '12.63', 'skin, spinal problems', 'acanthosis nigricans, Intervertebral disk disease', 3, 4, 1, 5),
(61, 'French Bulldog', 27, 31, 7, 13, 1, 1, 433, 843, 'Fair Working/Obedience Intelligence', '0.30', 41, 80, 2, 3, 4, 5, 5, 3, 4, 1, 5, 3, 2, 4, 2, 5, 4, 4, 3, 5, 4, 2, 3, 2, 3, 1, 2, 1, 2, 3, 'non-sporting', '9.00', 'none', 'none', 2, 2, 3, 5),
(62, 'Pug', 25, 28, 6, 10, 1, 1, 386, 692, 'Fair Working/Obedience Intelligence', '0.30', 41, 80, 2, 3, 4, 5, 5, 5, 4, 1, 5, 3, 3, 4, 1, 5, 4, 4, 2, 5, 5, 3, 3, 2, 2, 1, 2, 1, 2, 3, 'toy', '11.00', '\'dry eye\'', 'Keratoconjunctivitis sicca (KCS) - \"dry eye\"', 3, 3, 1, 5),
(63, 'Schipperke', 25, 34, 5, 9, 1, 1, 337, 640, 'Excellent Working Dogs', '0.85', 5, 15, 5, 3, 3, 4, 4, 3, 2, 1, 5, 5, 5, 2, 4, 4, 5, 3, 3, 5, 5, 2, 4, 1, 4, 3, 3, 2, 5, 3, 'non-sporting', '13.00', 'hair loss, diabetes, skin problems', 'colour dilution alopecia, Diabetes mellitus, Follicular dysplasias, Pemphigus', 3, 4, 1, 2),
(64, 'Sealyham Terrier', 30, 31, 8, 10, 1, 1, 479, 692, 'Fair Working/Obedience Intelligence', '0.30', 41, 80, 2, 4, 4, 4, 4, 4, 4, 3, 1, 4, 4, 3, 5, 4, 4, 2, 2, 4, 3, 2, 4, 2, 2, 2, 4, 3, 3, 3, 'terrier', '12.25', 'eye problems', 'Retinal dysplasia', 5, 3, 1, 1),
(65, 'Shiba Inu', 33, 41, 6, 14, 1, 1, 386, 891, 'Average Working/Obedience Intelligence', '0.50', 26, 40, 3, 4, 3, 5, 4, 4, 3, 1, 4, 4, 3, 3, 3, 4, 3, 2, 4, 3, 2, 3, 3, 2, 4, 5, 4, 3, 4, 4, 'non-sporting', '7.00', 'hip problems', 'hip dysplasia', 1, 1, 1, 4),
(66, 'Shih Tzu', 20, 28, 4, 8, 1, 1, 285, 586, 'Lowest Degree of Working/Obedience Intelligence', '0.00', 81, 100, 1, 3, 5, 5, 5, 3, 4, 1, 1, 2, 2, 5, 3, 5, 4, 3, 4, 4, 4, 4, 3, 1, 2, 3, 3, 1, 2, 3, 'toy', '13.20', 'eye problems', 'Exposure keratopathy syndrome (exophthalmos, lagophthalmos, and/or macroblepharon)', 4, 4, 1, 5),
(67, 'Skye Terrier', 25, 26, 11, 12, 1, 1, 608, 794, 'Fair Working/Obedience Intelligence', '0.30', 41, 80, 2, 4, 4, 4, 4, 3, 2, 1, 3, 3, 3, 5, 5, 4, 4, 4, 3, 4, 3, 4, 3, 2, 4, 2, 4, 4, 4, 4, 'terrier', '11.00', 'none', 'none', 3, 3, 1, 1),
(68, 'Tibetan Spaniel', 25, 26, 4, 7, 1, 1, 285, 530, 'Average Working/Obedience Intelligence', '0.50', 26, 40, 3, 3, 4, 5, 5, 3, 4, 1, 4, 3, 4, 3, 5, 4, 5, 3, 3, 4, 3, 3, 5, 1, 4, 1, 1, 2, 3, 4, 'non-sporting', '14.42', 'none', 'none', 5, 4, 2, 2),
(69, 'Tibetan Terrier', 35, 44, 9, 14, 1, 1, 523, 891, 'Fair Working/Obedience Intelligence', '0.30', 41, 80, 2, 4, 4, 5, 5, 1, 4, 1, 1, 5, 5, 3, 5, 3, 5, 4, 2, 5, 3, 2, 4, 2, 2, 1, 4, 4, 3, 3, 'non-sporting', '12.31', 'none', 'none', 3, 3, 2, 3),
(70, 'Whippet', 45, 56, 12, 14, 2, 1, 649, 891, 'Average Working/Obedience Intelligence', '0.50', 26, 40, 3, 3, 5, 5, 5, 2, 4, 1, 5, 5, 5, 4, 4, 3, 5, 2, 4, 5, 1, 5, 5, 3, 1, 2, 1, 4, 4, 3, 'hound', '12.87', 'none', 'none', 3, 4, 1, 4),
(71, 'Affenpinscher', 22, 31, 3, 6, 1, 1, 229, 472, 'Above Average Working Dogs', '0.70', 16, 25, 4, 3, 3, 5, 5, 1, 4, 1, 3, 4, 3, 3, 4, 4, 1, 3, 4, 4, 3, 3, 3, 1, 2, 1, 3, 3, 2, 1, 'toy', '11.42', 'none', 'none', 3, 3, 1, 1),
(72, 'Chihuahua', 15, 23, 0, 3, 1, 1, 0, 280, 'Fair Working/Obedience Intelligence', '0.30', 41, 80, 2, 3, 4, 5, 5, 2, 2, 1, 5, 3, 1, 2, 2, 4, 5, 2, 3, 4, 3, 3, 5, 1, 3, 1, 1, 2, 2, 2, 'toy', '16.50', 'knee problems', 'Patellar luxation', 5, 5, 1, 5),
(73, 'Italian Greyhound', 30, 39, 2, 5, 1, 1, 169, 411, 'Fair Working/Obedience Intelligence', '0.30', 41, 80, 2, 3, 5, 5, 5, 2, 4, 1, 5, 4, 4, 4, 3, 5, 5, 2, 4, 4, 2, 5, 5, 2, 3, 1, 1, 3, 3, 3, 'toy', '10.02', 'none', 'none', 2, 2, 1, 4),
(74, 'Japanese Chin', 20, 28, 1, 5, 1, 1, 100, 411, 'Fair Working/Obedience Intelligence', '0.30', 41, 80, 2, 3, 3, 5, 3, 3, 3, 1, 3, 2, 2, 4, 3, 4, 3, 1, 4, 4, 3, 3, 3, 1, 3, 1, 3, 2, 1, 3, 'toy', '9.25', 'none', 'none', 3, 2, 1, 3),
(75, 'Maltese', 20, 26, 1, 3, 1, 1, 100, 280, 'Fair Working/Obedience Intelligence', '0.30', 41, 80, 2, 3, 4, 5, 5, 2, 4, 1, 2, 3, 2, 2, 3, 5, 3, 3, 3, 4, 3, 4, 4, 1, 2, 1, 1, 3, 1, 3, 'toy', '12.25', 'heart problems', 'Patent ductus arteriosus (PDA)', 3, 3, 1, 5),
(76, 'Papillon', 20, 28, 2, 5, 1, 1, 169, 411, 'Brightest Dogs', '0.95', 1, 4, 5, 3, 4, 5, 5, 2, 4, 1, 3, 4, 5, 5, 3, 5, 3, 3, 3, 5, 3, 4, 3, 1, 2, 1, 2, 4, 1, 3, 'toy', '13.00', 'cataracts, hair loss, heart, eye, blood clotting disorders', 'Cataracts, Follicular dysplasias, Mitral valve dysplasia, Progressive retinal atrophy, von Willebrand\'s disease', 3, 4, 1, 4),
(77, 'Pomeranian', 30, 31, 1, 4, 1, 1, 100, 348, 'Excellent Working Dogs', '0.85', 5, 15, 5, 3, 3, 4, 5, 4, 2, 1, 2, 3, 2, 3, 3, 4, 2, 2, 2, 3, 4, 2, 4, 1, 5, 1, 4, 2, 1, 3, 'toy', '9.67', 'heart problems', 'Patent ductus arteriosus (PDA)', 2, 2, 1, 5);

-- --------------------------------------------------------

--
-- Table structure for table `users`
--

CREATE TABLE `users` (
  `user_id` int(11) NOT NULL,
  `username` varchar(12) NOT NULL,
  `first_name` varchar(4) NOT NULL,
  `last_name` varchar(6) NOT NULL,
  `dob` date NOT NULL,
  `email` varchar(21) NOT NULL,
  `password` varchar(17) NOT NULL
) ENGINE=InnoDB DEFAULT CHARSET=utf8;

--
-- Dumping data for table `users`
--

INSERT INTO `users` (`user_id`, `username`, `first_name`, `last_name`, `dob`, `email`, `password`) VALUES
(1, 'mpowell', 'Matt', 'Powell', '2000-06-02', 'matt@mpowell.tech', 'SpeedyCar21'),
(2, 'john_smith99', 'John', 'Smith', '1985-01-01', 'jsmith@hotmail.com', 'Testing123'),
(3, 'rick_astley', 'Rick', 'Astley', '1966-02-06', 'rick.astley@gmail.com', 'NeverG0nnaGiveUUp'),
(4, 'test', 'Test', 'User', '2021-08-19', 'test@test.com', '1234');

--
-- Indexes for dumped tables
--

--
-- Indexes for table `breed_image`
--
ALTER TABLE `breed_image`
  ADD PRIMARY KEY (`image_id`);

--
-- Indexes for table `dog_breeds`
--
ALTER TABLE `dog_breeds`
  ADD PRIMARY KEY (`breed_id`);

--
-- Indexes for table `users`
--
ALTER TABLE `users`
  ADD PRIMARY KEY (`user_id`),
  ADD UNIQUE KEY `username` (`username`),
  ADD UNIQUE KEY `email` (`email`);

--
-- AUTO_INCREMENT for dumped tables
--

--
-- AUTO_INCREMENT for table `breed_image`
--
ALTER TABLE `breed_image`
  MODIFY `image_id` int(11) NOT NULL AUTO_INCREMENT, AUTO_INCREMENT=386;

--
-- AUTO_INCREMENT for table `dog_breeds`
--
ALTER TABLE `dog_breeds`
  MODIFY `breed_id` int(11) NOT NULL AUTO_INCREMENT, AUTO_INCREMENT=78;

--
-- AUTO_INCREMENT for table `users`
--
ALTER TABLE `users`
  MODIFY `user_id` int(11) NOT NULL AUTO_INCREMENT, AUTO_INCREMENT=5;
COMMIT;

/*!40101 SET CHARACTER_SET_CLIENT=@OLD_CHARACTER_SET_CLIENT */;
/*!40101 SET CHARACTER_SET_RESULTS=@OLD_CHARACTER_SET_RESULTS */;
/*!40101 SET COLLATION_CONNECTION=@OLD_COLLATION_CONNECTION */;
