-- phpMyAdmin SQL Dump
-- version 5.0.2
-- https://www.phpmyadmin.net/
--
-- Host: localhost
-- Generation Time: Sep 01, 2021 at 03:08 PM
-- Server version: 5.7.34
-- PHP Version: 7.4.21

SET SQL_MODE = "NO_AUTO_VALUE_ON_ZERO";
START TRANSACTION;
SET time_zone = "+00:00";


/*!40101 SET @OLD_CHARACTER_SET_CLIENT=@@CHARACTER_SET_CLIENT */;
/*!40101 SET @OLD_CHARACTER_SET_RESULTS=@@CHARACTER_SET_RESULTS */;
/*!40101 SET @OLD_COLLATION_CONNECTION=@@COLLATION_CONNECTION */;
/*!40101 SET NAMES utf8mb4 */;

--
-- Database: `pet_rescue_db`
--

-- --------------------------------------------------------

--
-- Table structure for table `breed_image`
--

CREATE TABLE `breed_image` (
  `image_id` int(11) NOT NULL,
  `breed_id` int(11) NOT NULL,
  `path` varchar(256) NOT NULL,
  `alt_text` varchar(64) NOT NULL,
  `image_active` bit(1) NOT NULL,
  `main_image` bit(1) NOT NULL,
  `width` int(11) NOT NULL,
  `height` int(11) NOT NULL
) ENGINE=InnoDB DEFAULT CHARSET=utf8;

--
-- Dumping data for table `breed_image`
--

INSERT INTO `breed_image` (`image_id`, `breed_id`, `path`, `alt_text`, `image_active`, `main_image`, `width`, `height`) VALUES
(1, 71, '/images/breeds/11b60d8d86f14a601ca290909a17cbc6.jpg', 'Affenpinscher example image', b'1', b'1', 540, 540),
(2, 71, '/images/breeds/b9e9ce2495d96099fc799022fc074d0b.jpg', 'Affenpinscher example image', b'1', b'0', 540, 540),
(3, 71, '/images/breeds/b957aa0e8dc0628b09708213e9640a2f.jpg', 'Affenpinscher example image', b'1', b'0', 540, 540),
(4, 71, '/images/breeds/54fc3e6172a6202d1c66ccc9ac3d4aff.jpg', 'Affenpinscher example image', b'1', b'0', 540, 540),
(5, 71, '/images/breeds/100f347ec78a42a9e7c2418e4beb3f6a.jpg', 'Affenpinscher example image', b'1', b'0', 540, 540),
(6, 12, '/images/breeds/2a058ce4bb6189960e142d2ee9115ca8.jpg', 'Afghan Hound example image', b'1', b'1', 540, 540),
(7, 12, '/images/breeds/3c4172f7dd8d5c7fd9a7ef6ea307eb42.jpg', 'Afghan Hound example image', b'1', b'0', 540, 540),
(8, 12, '/images/breeds/47fac4532022386b1db133b01c0c0b75.jpg', 'Afghan Hound example image', b'1', b'0', 540, 540),
(9, 12, '/images/breeds/1dc74ff3e3b700d8037f6670808afa85.jpg', 'Afghan Hound example image', b'1', b'0', 540, 540),
(10, 12, '/images/breeds/0a4f1e17d720cdff35814651402b7cf4.jpg', 'Afghan Hound example image', b'1', b'0', 540, 540),
(11, 1, '/images/breeds/Akita-standing-outdoors.jpg', 'Akita example image', b'1', b'0', 540, 540),
(12, 1, '/images/breeds/dog_japanese-akita_desktop.jpg', 'Akita example image', b'1', b'0', 540, 540),
(13, 1, '/images/breeds/akita-i37.jpg', 'Akita example image', b'1', b'0', 540, 540),
(14, 1, '/images/breeds/Akita-Japanese.jpg', 'Akita example image', b'1', b'0', 540, 540),
(15, 1, '/images/breeds/1200px-Akita_Inu_dog.jpg', 'Akita example image', b'1', b'1', 540, 540),
(16, 29, '/images/breeds/Australian-Shepherd.1.jpg', 'Australian Shepherd example image', b'1', b'1', 540, 540),
(17, 29, '/images/breeds/Australian-Shepherd.2.jpg', 'Australian Shepherd example image', b'1', b'0', 540, 540),
(18, 29, '/images/breeds/australian-shepherd-dg.jpg', 'Australian Shepherd example image', b'1', b'0', 540, 540),
(19, 29, '/images/breeds/australian-shepherd-dog-breed-info.jpg', 'Australian Shepherd example image', b'1', b'0', 540, 540),
(20, 29, '/images/breeds/australian-shepherd-puppy.jpg', 'Australian Shepherd example image', b'1', b'0', 540, 540),
(21, 51, '/images/breeds/2c5c6ed3fac9666d5ef89ab3931f6785.jpg', 'Australian Terrier example image', b'1', b'0', 540, 540),
(22, 51, '/images/breeds/5de0c02ceacc7a724f48c12a2d6489db.jpg', 'Australian Terrier example image', b'1', b'0', 540, 540),
(23, 51, '/images/breeds/16fd2ee2057012b1d3db46e219a4d022.jpg', 'Australian Terrier example image', b'1', b'0', 540, 540),
(24, 51, '/images/breeds/0f04466edd10d6c1d27e123399cf4433.jpg', 'Australian Terrier example image', b'1', b'1', 540, 540),
(25, 51, '/images/breeds/6190f035170a14652b0b1942cb12c954.jpg', 'Australian Terrier example image', b'1', b'0', 540, 540),
(26, 52, '/images/breeds/a2319a41db4e46818b7e9785cc9debd9.jpg', 'Basenji example image', b'1', b'0', 540, 540),
(27, 52, '/images/breeds/2ff404cb6bdf5a20351b3db40a4584ff.jpg', 'Basenji example image', b'1', b'1', 540, 540),
(28, 52, '/images/breeds/e42d24760fcb9e6273a29e2f083ba9b6.jpg', 'Basenji example image', b'1', b'0', 540, 540),
(29, 52, '/images/breeds/1493bf7f5cb1ca62b4e0772d9edc702e.jpg', 'Basenji example image', b'1', b'0', 540, 540),
(30, 52, '/images/breeds/81662662eb22135f0438459487722f98.jpg', 'Basenji example image', b'1', b'0', 540, 540),
(31, 30, '/images/breeds/5f49abbd269cee0dffc6bcde1daa6bd3.jpg', 'Basset Hound example image', b'1', b'0', 540, 540),
(32, 30, '/images/breeds/2ac0b174eeeffdca774c0731da5d736a.jpg', 'Basset Hound example image', b'1', b'0', 540, 540),
(33, 30, '/images/breeds/fc518958bdeda396c5431d8a8ec319df.jpg', 'Basset Hound example image', b'1', b'0', 540, 540),
(34, 30, '/images/breeds/eccc1f78f99e1f5fc1fa618be4ae7f67.jpg', 'Basset Hound example image', b'1', b'1', 540, 540),
(35, 30, '/images/breeds/2ac2f5944e38c9873fddd80f44929a91.jpg', 'Basset Hound example image', b'1', b'0', 540, 540),
(36, 53, '/images/breeds/beagle.jpg', 'Beagle example image', b'1', b'1', 540, 540),
(37, 53, '/images/breeds/0ea78b024dc3955332d3ddb08b8e50f0.jpg', 'Beagle example image', b'1', b'0', 540, 540),
(38, 53, '/images/breeds/de33550ba1323a0376fc1292a1d25d71.jpg', 'Beagle example image', b'1', b'0', 540, 540),
(39, 53, '/images/breeds/bdec813dff4bb79ff07cbe0440f217a2.jpg', 'Beagle example image', b'1', b'0', 540, 540),
(40, 53, '/images/breeds/98398963f090dae624c421e6b6a0ebe5.jpg', 'Beagle example image', b'1', b'0', 540, 540),
(41, 31, '/images/breeds/6e44501e366c74ab7431e1ff5256ab79.jpg', 'Bearded Collie example image', b'1', b'0', 540, 540),
(42, 31, '/images/breeds/bfe8e8b7d66e75c0af82b6e0d136a7a5.jpg', 'Bearded Collie example image', b'1', b'0', 540, 540),
(43, 31, '/images/breeds/1f0009002cd89d41b30791766bbf9102.jpg', 'Bearded Collie example image', b'1', b'1', 540, 540),
(44, 31, '/images/breeds/f069ed4df76d788ff43403f1ba4fa4a8.jpg', 'Bearded Collie example image', b'1', b'0', 540, 540),
(45, 31, '/images/breeds/6083f935fa48fd91a5cf778969006561.jpg', 'Bearded Collie example image', b'1', b'0', 540, 540),
(46, 54, '/images/breeds/d71e26c0af558afe29efb7f41ec33900.jpg', 'Bedlington Terrier example image', b'1', b'0', 540, 540),
(47, 54, '/images/breeds/d9ab74f0d0afc57158e44c6956883a2d.jpg', 'Bedlington Terrier example image', b'1', b'0', 540, 540),
(48, 54, '/images/breeds/1a232b490fde0c962aa1fd7f02175e19.jpg', 'Bedlington Terrier example image', b'1', b'0', 540, 540),
(49, 54, '/images/breeds/7f988b33eb8736ec69b17c498926d407.jpg', 'Bedlington Terrier example image', b'1', b'1', 540, 540),
(50, 54, '/images/breeds/3f5b2f820634bb1f75d4c89627e0e8b7.jpg', 'Bedlington Terrier example image', b'1', b'0', 540, 540),
(51, 2, '/images/breeds/67fb16917bbb69e5f2a646b0bddfb68a.jpg', 'Bernese Mountain Dog example image', b'1', b'0', 540, 540),
(52, 2, '/images/breeds/470af08ca80c554c02367a0e1a90bc39.jpg', 'Bernese Mountain Dog example image', b'1', b'0', 540, 540),
(53, 2, '/images/breeds/a5621787bbc9210a919ccbf5832426ef.jpg', 'Bernese Mountain Dog example image', b'1', b'0', 540, 540),
(54, 2, '/images/breeds/04fb4d719e9fe2b6ffe32d9ae7be8a22.jpg', 'Bernese Mountain Dog example image', b'1', b'0', 540, 540),
(55, 2, '/images/breeds/Bernese-Mountain-Dog-sitting-in-a-field.jpg', 'Bernese Mountain Dog example image', b'1', b'1', 540, 540),
(56, 55, '/images/breeds/bichon-frise-2.jpg', 'Bichon Frise example image', b'1', b'0', 540, 540),
(57, 55, '/images/breeds/shutterstock_1469998787-1.jpg', 'Bichon Frise example image', b'1', b'0', 540, 540),
(58, 55, '/images/breeds/dog-4398243_1280.jpg', 'Bichon Frise example image', b'1', b'0', 540, 540),
(59, 55, '/images/breeds/what-is-the-temperaments-of-a-bichon-frise-1200x675.jpg', 'Bichon Frise example image', b'1', b'1', 540, 540),
(60, 55, '/images/breeds/Bichon-Frise-colors-and-markings-scaled.jpg', 'Bichon Frise example image', b'1', b'0', 540, 540),
(61, 3, '/images/breeds/09839ef1c5a5a5b3acb61c4093cab07f.jpg', 'Bloodhound example image', b'1', b'0', 540, 540),
(62, 3, '/images/breeds/57b86091d423c595363d1d78a53a0b98.jpg', 'Bloodhound example image', b'1', b'0', 540, 540),
(63, 3, '/images/breeds/59fb21a30860a3c2f21336da9b785c5d.jpg', 'Bloodhound example image', b'1', b'0', 540, 540),
(64, 3, '/images/breeds/b99f4f25c568301b36e3746070012f15.jpg', 'Bloodhound example image', b'1', b'0', 540, 540),
(65, 3, '/images/breeds/117085659f91228627caf21a574f2bbf.jpg', 'Bloodhound example image', b'1', b'1', 540, 540),
(66, 32, '/images/breeds/1e44a9c130807d1413e7d9ef052fb338.jpg', 'Border Collie example image', b'1', b'1', 540, 540),
(67, 32, '/images/breeds/4d0eaef784ec414c6cd3b0bd5293fa8c.jpg', 'Border Collie example image', b'1', b'0', 540, 540),
(68, 32, '/images/breeds/a85648ed4bd628838f5294085495293c.jpg', 'Border Collie example image', b'1', b'0', 540, 540),
(69, 32, '/images/breeds/9fb9ec152d4262348922fbf4c03f6083.jpg', 'Border Collie example image', b'1', b'0', 540, 540),
(70, 32, '/images/breeds/9ea6bbd4ff2c706480a2abbe12a8e358.jpg', 'Border Collie example image', b'1', b'0', 540, 540),
(71, 56, '/images/breeds/412232ca70a653d183b9e6e502e34730.jpg', 'Border Terrier example image', b'1', b'0', 540, 540),
(72, 56, '/images/breeds/2ae0c93bbde7a8f13ed5583d97352a83.jpg', 'Border Terrier example image', b'1', b'0', 540, 540),
(73, 56, '/images/breeds/8e94ccf10370e5d5d49972353ade1f2f.jpg', 'Border Terrier example image', b'1', b'0', 540, 540),
(74, 56, '/images/breeds/880379ffeea97e48cf12349753838a54.jpg', 'Border Terrier example image', b'1', b'0', 540, 540),
(75, 56, '/images/breeds/06412667e714332186d0cf86375e98fb.jpg', 'Border Terrier example image', b'1', b'1', 540, 540),
(76, 4, '/images/breeds/799017168bea86fbb6a83c5d97cc0b8c.jpg', 'Borzoi example image', b'1', b'0', 540, 540),
(77, 4, '/images/breeds/200a51e8f11ebbb884fc6cf01973586b.jpg', 'Borzoi example image', b'1', b'0', 540, 540),
(78, 4, '/images/breeds/ffd25009d635cfd16e793503ac5edef0.jpg', 'Borzoi example image', b'1', b'0', 540, 540),
(79, 4, '/images/breeds/1d9246c677dda341b5da58a0a3af98d6.jpg', 'Borzoi example image', b'1', b'1', 540, 540),
(80, 4, '/images/breeds/002a283a315af96eaea0e28e7163b21b.jpg', 'Borzoi example image', b'1', b'0', 540, 540),
(81, 57, '/images/breeds/34e117ba59c3244382726f68196b0ecb.jpg', 'Boston Terrier example image', b'1', b'1', 540, 540),
(82, 57, '/images/breeds/c693ed75220ef6de098208d7361fa5d6.jpg', 'Boston Terrier example image', b'1', b'0', 540, 540),
(83, 57, '/images/breeds/eea74111b12a1cc83201158a72cc141a.jpg', 'Boston Terrier example image', b'1', b'0', 540, 540),
(84, 57, '/images/breeds/85ee2259befe2e52c2200c7ca75f35e1.jpg', 'Boston Terrier example image', b'1', b'0', 540, 540),
(85, 57, '/images/breeds/b16549549ac51020efa4ab86923c37b3.jpg', 'Boston Terrier example image', b'1', b'0', 540, 540),
(86, 13, '/images/breeds/9e486b33df53bfef19c178ecc95f3e4d.jpg', 'Boxer example image', b'1', b'0', 540, 540),
(87, 13, '/images/breeds/boxer.jpg', 'Boxer example image', b'1', b'1', 540, 540),
(88, 13, '/images/breeds/53165a38e33bb747c04a57480e863395.jpg', 'Boxer example image', b'1', b'0', 540, 540),
(89, 13, '/images/breeds/9eb2557572aff149c5143e287799b48d.jpg', 'Boxer example image', b'1', b'0', 540, 540),
(90, 13, '/images/breeds/70d889ecc5ab471c8ef59c5a110b705e.jpg', 'Boxer example image', b'1', b'0', 540, 540),
(91, 14, '/images/breeds/64823d438ff897c9a8888571e5b0bb2f.jpg', 'Briard example image', b'1', b'0', 540, 540),
(92, 14, '/images/breeds/0e0e44349e6955bea9fea91de26a6980.jpg', 'Briard example image', b'1', b'0', 540, 540),
(93, 14, '/images/breeds/6e42fa34befaffb20813a79c13f80ba3.jpg', 'Briard example image', b'1', b'0', 540, 540),
(94, 14, '/images/breeds/91c25bb4539f68d68c7a23b8aa5d04b9.jpg', 'Briard example image', b'1', b'0', 540, 540),
(95, 14, '/images/breeds/04ea8788cfa17d01c87ea4cdaa0a330d.jpg', 'Briard example image', b'1', b'1', 540, 540),
(96, 33, '/images/breeds/492d16aab0e9c7b6e68093202ec1cb61.jpg', 'Bull Terrier example image', b'1', b'1', 540, 540),
(97, 33, '/images/breeds/26b4edb53ece094f420f30a6be4a5374.jpg', 'Bull Terrier example image', b'1', b'0', 540, 540),
(98, 33, '/images/breeds/6b3f1fd13a925f11c01ec3f58a680115.jpg', 'Bull Terrier example image', b'1', b'0', 540, 540),
(99, 33, '/images/breeds/4449821c82f34273b557859c9b42a47f.jpg', 'Bull Terrier example image', b'1', b'0', 540, 540),
(100, 33, '/images/breeds/7e78e5d12f74ad605ef5e63459b72132.jpg', 'Bull Terrier example image', b'1', b'0', 540, 540),
(101, 5, '/images/breeds/ccc49b7d2c895b6d6c9ce27845faf622.jpg', 'Bullmastiff example image', b'1', b'0', 540, 540),
(102, 5, '/images/breeds/e88f4a70305e582965569c4ca91c34b8.jpg', 'Bullmastiff example image', b'1', b'0', 540, 540),
(103, 5, '/images/breeds/382321aa611762ba588d18d3f826db20.jpg', 'Bullmastiff example image', b'1', b'1', 540, 540),
(104, 5, '/images/breeds/3bce79e38c75a511d7de6096ea16c8b2.jpg', 'Bullmastiff example image', b'1', b'0', 540, 540),
(105, 5, '/images/breeds/f36a3d05e27b5e206ac89b4a7e133e57.jpg', 'Bullmastiff example image', b'1', b'0', 540, 540),
(106, 58, '/images/breeds/3bdc7d098a96d40314cf7ed50b83501a.jpg', 'Cairn Terrier example image', b'1', b'0', 540, 540),
(107, 58, '/images/breeds/e7f491cb903ff0a294eb63c625ef090e.jpg', 'Cairn Terrier example image', b'1', b'0', 540, 540),
(108, 58, '/images/breeds/08782eb5ac167ca5f8feaccb519e9b4e.jpg', 'Cairn Terrier example image', b'1', b'0', 540, 540),
(109, 58, '/images/breeds/e9fc49ac28d4f84579f5621bccc78470.jpg', 'Cairn Terrier example image', b'1', b'1', 540, 540),
(110, 58, '/images/breeds/03c81a2e78dc915bc515fcb8aafd2f6f.jpg', 'Cairn Terrier example image', b'1', b'0', 540, 540),
(111, 59, '/images/breeds/Cavalier-King-Charles-Spaniel-standing-in-the-grass.jpg', 'Cavalier King Charles Spaniel example image', b'1', b'1', 540, 540),
(112, 59, '/images/breeds/cavalier-king-charles-spaniel.jpg', 'Cavalier King Charles Spaniel example image', b'1', b'0', 540, 540),
(113, 59, '/images/breeds/Breed-Hero-Cavalier-King-Charles-Spaniel.jpg', 'Cavalier King Charles Spaniel example image', b'1', b'0', 540, 540),
(114, 59, '/images/breeds/AmyLanePhotography-b0b91f2200394ba688e7271ad675176c.jpg', 'Cavalier King Charles Spaniel example image', b'1', b'0', 540, 540),
(115, 59, '/images/breeds/Cavalier-King-Charles-Spaniel-head-portrait-outdoors.jpg', 'Cavalier King Charles Spaniel example image', b'1', b'0', 540, 540),
(116, 15, '/images/breeds/27c96fe6f4dae2f400dca8f40e619978.jpg', 'Chesapeake Bay Retriever example image', b'1', b'1', 540, 540),
(117, 15, '/images/breeds/c62d6c163cbe1109462aa729bc4f425c.jpg', 'Chesapeake Bay Retriever example image', b'1', b'0', 540, 540),
(118, 15, '/images/breeds/8c99f1d9dde16550e002b8ea3fc342cd.jpg', 'Chesapeake Bay Retriever example image', b'1', b'0', 540, 540),
(119, 15, '/images/breeds/c441a06c1b1d3969ee1654d4a63b6c22.jpg', 'Chesapeake Bay Retriever example image', b'1', b'0', 540, 540),
(120, 15, '/images/breeds/56c4d8a13df348ec1d540cf89a48fa5b.jpg', 'Chesapeake Bay Retriever example image', b'1', b'0', 540, 540),
(121, 72, '/images/breeds/0f7db98cbd6f6537c0ac3dfad349b182.jpg', 'Chihuahua example image', b'1', b'0', 540, 540),
(122, 72, '/images/breeds/83a52bda51841168400d245cff401f98.jpg', 'Chihuahua example image', b'1', b'0', 540, 540),
(123, 72, '/images/breeds/5ca1ffd7a6d09951f5ae0afca1635b02.jpg', 'Chihuahua example image', b'1', b'1', 540, 540),
(124, 72, '/images/breeds/364bbe6fb891f50e904613581d6cf3ac.jpg', 'Chihuahua example image', b'1', b'0', 540, 540),
(125, 72, '/images/breeds/d7f3da9914b26cccb9f9e86a977545f5.jpg', 'Chihuahua example image', b'1', b'0', 540, 540),
(126, 34, '/images/breeds/143ce5343024462044b72de531b5ff08.jpg', 'Chow Chow example image', b'1', b'0', 540, 540),
(127, 34, '/images/breeds/2e9e96fc941177ecb045802c53b8f368.jpg', 'Chow Chow example image', b'1', b'0', 540, 540),
(128, 34, '/images/breeds/87001075188b63c8edeb2ffaf4cdfca4.jpg', 'Chow Chow example image', b'1', b'0', 540, 540),
(129, 34, '/images/breeds/e87e709987ed707393533e9d2429f585.jpg', 'Chow Chow example image', b'1', b'1', 540, 540),
(130, 34, '/images/breeds/0c207c7af2d1ef71dc61434f04d00cdf.jpg', 'Chow Chow example image', b'1', b'0', 540, 540),
(131, 16, '/images/breeds/d4c2dfd1b7aa5af65cd89481fa150ad5.jpg', 'Clumber Spaniel example image', b'1', b'0', 540, 540),
(132, 16, '/images/breeds/ba1b7aa01e1c871c5e3acd08b65516e7.jpg', 'Clumber Spaniel example image', b'1', b'1', 540, 540),
(133, 16, '/images/breeds/f09536e93c84e70c1a6e144452ed98fb.jpg', 'Clumber Spaniel example image', b'1', b'0', 540, 540),
(134, 16, '/images/breeds/d4c7ab7811b534b7038fadf986d45395.jpg', 'Clumber Spaniel example image', b'1', b'0', 540, 540),
(135, 16, '/images/breeds/36532e771dd855b06c25e8f14283daa8.jpg', 'Clumber Spaniel example image', b'1', b'0', 540, 540),
(136, 60, '/images/breeds/Dachshund-laying-down-in-the-grass.jpg', 'Dachshund example image', b'1', b'1', 540, 540),
(137, 60, '/images/breeds/Short-haired-Dachshund.jpg', 'Dachshund example image', b'1', b'0', 540, 540),
(138, 60, '/images/breeds/dachshund-health-problems.jpg', 'Dachshund example image', b'1', b'0', 540, 540),
(139, 60, '/images/breeds/Longhaired-Dachshund-standing-outdoors.jpg', 'Dachshund example image', b'1', b'0', 540, 540),
(140, 60, '/images/breeds/Dachshund-standing-outdoors.jpg', 'Dachshund example image', b'1', b'0', 540, 540),
(141, 35, '/images/breeds/1200px-Dalmatian_liver_stacked.jpg', 'Dalmatian example image', b'1', b'0', 540, 540),
(142, 35, '/images/breeds/Dalmatian-1-645mk062311.jpg', 'Dalmatian example image', b'1', b'1', 540, 540),
(143, 35, '/images/breeds/Dalmatiner_2.jpg', 'Dalmatian example image', b'1', b'0', 540, 540),
(144, 35, '/images/breeds/dalmatian.jpg', 'Dalmatian example image', b'1', b'0', 540, 540),
(145, 35, '/images/breeds/Dalmatian-900x500.jpg', 'Dalmatian example image', b'1', b'0', 540, 540),
(146, 17, '/images/breeds/eca90f594e91b6689c0908e365cac5ce.jpg', 'Doberman Pinscher example image', b'1', b'0', 540, 540),
(147, 17, '/images/breeds/8aa65793a60f8feb59925d6ece493bf0.jpg', 'Doberman Pinscher example image', b'1', b'0', 540, 540),
(148, 17, '/images/breeds/9fddcca650e796157ab90ccebcfe36a4.jpg', 'Doberman Pinscher example image', b'1', b'0', 540, 540),
(149, 17, '/images/breeds/f9a664aff90ef04521974670cbd19cfe.jpg', 'Doberman Pinscher example image', b'1', b'1', 540, 540),
(150, 17, '/images/breeds/ea6c7f6e749d8aa9512054c47585e298.jpg', 'Doberman Pinscher example image', b'1', b'0', 540, 540),
(151, 18, '/images/breeds/64e8d146615645ec07587b6cd8f03f32.jpg', 'English Setter example image', b'1', b'1', 540, 540),
(152, 18, '/images/breeds/4038f45a6b0aa398b80c5aad23f9132c.jpg', 'English Setter example image', b'1', b'0', 540, 540),
(153, 18, '/images/breeds/49d179db1a0dfe894d9d164704403cd7.jpg', 'English Setter example image', b'1', b'0', 540, 540),
(154, 18, '/images/breeds/abd43fd42eee6c32c7d95fc0993603b6.jpg', 'English Setter example image', b'1', b'0', 540, 540),
(155, 18, '/images/breeds/21b3006afebd75664f31220e2d15e9c4.jpg', 'English Setter example image', b'1', b'0', 540, 540),
(156, 36, '/images/breeds/3-water.jpg', 'English Springer Spaniel example image', b'1', b'0', 540, 540),
(157, 36, '/images/breeds/Everything-You-Ever-Wanted-to-Know-About-English-Springer-Spaniel.jpg', 'English Springer Spaniel example image', b'1', b'0', 540, 540),
(158, 36, '/images/breeds/springer-spaniel-walking.jpg', 'English Springer Spaniel example image', b'1', b'0', 540, 540),
(159, 36, '/images/breeds/english-springer-spaniel-dog-breed-info.jpg', 'English Springer Spaniel example image', b'1', b'0', 540, 540),
(160, 36, '/images/breeds/ESSGettyImages-1140139727Nigel_Wallace-1aa0f57103cc449197c50da88edd2358.jpg', 'English Springer Spaniel example image', b'1', b'1', 540, 540),
(161, 37, '/images/breeds/c2a5c44a3cb6d8e5fc36ff0bb8640776.jpg', 'Field Spaniel example image', b'1', b'0', 540, 540),
(162, 37, '/images/breeds/9a03d170d51aa6ea1a07a9fca4e0428f.jpg', 'Field Spaniel example image', b'1', b'0', 540, 540),
(163, 37, '/images/breeds/64fe508bc7626f6e0bdfbde3089d7cc0.jpg', 'Field Spaniel example image', b'1', b'0', 540, 540),
(164, 37, '/images/breeds/e7ab11f849e895ced3cdddf4d90e5bd2.jpg', 'Field Spaniel example image', b'1', b'0', 540, 540),
(165, 37, '/images/breeds/e2e46a91de179a79ab3b0ec7f813df27.jpg', 'Field Spaniel example image', b'1', b'1', 540, 540),
(166, 38, '/images/breeds/Finnish-Spitz.jpg', 'Finnish Spitz example image', b'1', b'0', 540, 540),
(167, 38, '/images/breeds/finnish-spitz-dogs-puppies-1.jpg', 'Finnish Spitz example image', b'1', b'0', 540, 540),
(168, 38, '/images/breeds/Finnish_Spitz_600.jpg', 'Finnish Spitz example image', b'1', b'0', 540, 540),
(169, 38, '/images/breeds/Finish-Spitz-3-645mk062311.jpg', 'Finnish Spitz example image', b'1', b'1', 540, 540),
(170, 38, '/images/breeds/Finnish-Spitz-running-in-the-snow.jpg', 'Finnish Spitz example image', b'1', b'0', 540, 540),
(171, 61, '/images/breeds/c9ccbbb14fc3ac97fddcf20b95ff121a.jpg', 'French Bulldog example image', b'1', b'1', 540, 540),
(172, 61, '/images/breeds/f2ab1692e3ef27cffb8cbb7ad6d99092.jpg', 'French Bulldog example image', b'1', b'0', 540, 540),
(173, 61, '/images/breeds/6dd7730512384e02b227d759efe20ee4.jpg', 'French Bulldog example image', b'1', b'0', 540, 540),
(174, 61, '/images/breeds/a38a1bd2bbae7dedd6d5f78abaad5e4a.jpg', 'French Bulldog example image', b'1', b'0', 540, 540),
(175, 61, '/images/breeds/201fe1c7b5c0c513c42d1a1ba350d4df.jpg', 'French Bulldog example image', b'1', b'0', 540, 540),
(176, 19, '/images/breeds/c0b53533209ff39a4620a5959a1c5c98.jpg', 'German Shorthaired Pointer example image', b'1', b'1', 540, 540),
(177, 19, '/images/breeds/f62f6d147bb05a257c05ffe418ae4e45.jpg', 'German Shorthaired Pointer example image', b'1', b'0', 540, 540),
(178, 19, '/images/breeds/c19177c750afffa00a7ba5f59ace92be.jpg', 'German Shorthaired Pointer example image', b'1', b'0', 540, 540),
(179, 19, '/images/breeds/82e3000939756fbd89b3735681440773.jpg', 'German Shorthaired Pointer example image', b'1', b'0', 540, 540),
(180, 19, '/images/breeds/d198549ea46f9f624b71fcffbcbe8e31.jpg', 'German Shorthaired Pointer example image', b'1', b'0', 540, 540),
(181, 20, '/images/breeds/fe426e0af99930c0ec3c9ab58b02f8dc.jpg', 'German Wirehaired Pointer example image', b'1', b'1', 540, 540),
(182, 20, '/images/breeds/2976809f7669b4fa8c9094f1cff056d9.jpg', 'German Wirehaired Pointer example image', b'1', b'0', 540, 540),
(183, 20, '/images/breeds/9e81e7884652773e257986e45df70cb5.jpg', 'German Wirehaired Pointer example image', b'1', b'0', 540, 540),
(184, 20, '/images/breeds/5f11c3406c4778ed1f2284c6817fe9aa.jpg', 'German Wirehaired Pointer example image', b'1', b'0', 540, 540),
(185, 20, '/images/breeds/67776971c7ad4fdca0b9acf5b7e3d67d.jpg', 'German Wirehaired Pointer example image', b'1', b'0', 540, 540),
(186, 21, '/images/breeds/561d5659eec3cb8ced7c777de794caaa.jpg', 'Giant Schnauzer example image', b'1', b'0', 540, 540),
(187, 21, '/images/breeds/a1d50b778141d7a13c07a7f366524f1b.jpg', 'Giant Schnauzer example image', b'1', b'0', 540, 540),
(188, 21, '/images/breeds/fc6abf69e1581b95734830af88c636a0.jpg', 'Giant Schnauzer example image', b'1', b'0', 540, 540),
(189, 21, '/images/breeds/d4282be98a29612cbe5b01173e99f704.jpg', 'Giant Schnauzer example image', b'1', b'0', 540, 540),
(190, 21, '/images/breeds/ea8a9c29c83b5f3d4b917922a0ce9066.jpg', 'Giant Schnauzer example image', b'1', b'1', 540, 540),
(191, 22, '/images/breeds/a4ca7f2c41ef46180fddf84d300a6341.jpg', 'Golden Retriever example image', b'1', b'0', 540, 540),
(192, 22, '/images/breeds/e4913c578cba8c59d842663fa734d337.jpg', 'Golden Retriever example image', b'1', b'1', 540, 540),
(193, 22, '/images/breeds/203a82da35da69a6517e0dce4d072071.jpg', 'Golden Retriever example image', b'1', b'0', 540, 540),
(194, 22, '/images/breeds/bf5a837a9050a1dc1fd43027f99c9b7b.jpg', 'Golden Retriever example image', b'1', b'0', 540, 540),
(195, 22, '/images/breeds/d66104727a2a8cdfd3f3a0fb17bdedc9.jpg', 'Golden Retriever example image', b'1', b'0', 540, 540),
(196, 23, '/images/breeds/a74b32169c1b42a218a9f72f954ec9a4.jpg', 'Gordon Setter example image', b'1', b'0', 540, 540),
(197, 23, '/images/breeds/045d421a681a7da04ff668992a8b4c3e.jpg', 'Gordon Setter example image', b'1', b'1', 540, 540),
(198, 23, '/images/breeds/2f812a0cb6977bbad1a167e1ef4ae2ac.jpg', 'Gordon Setter example image', b'1', b'0', 540, 540),
(199, 23, '/images/breeds/96e02cc2cf7e3327f3cf1bf3eea1640d.jpg', 'Gordon Setter example image', b'1', b'0', 540, 540),
(200, 23, '/images/breeds/0b6239db9b1649fe2f513357c82931aa.jpg', 'Gordon Setter example image', b'1', b'0', 540, 540),
(201, 6, '/images/breeds/a5af5ef59eed5c50a0aeea94c8f016f2.jpg', 'Great Dane example image', b'1', b'1', 540, 540),
(202, 6, '/images/breeds/a35abb795e84cbe8ca7813ce4b28a756.jpg', 'Great Dane example image', b'1', b'0', 540, 540),
(203, 6, '/images/breeds/f2da0cd3a1f77cc96505d387d9dd731b.jpg', 'Great Dane example image', b'1', b'0', 540, 540),
(204, 6, '/images/breeds/ed38d865e5ff611d6d1529652cc6464d.jpg', 'Great Dane example image', b'1', b'0', 540, 540),
(205, 6, '/images/breeds/e346c77b51b03999cbf7d89ae776e696.jpg', 'Great Dane example image', b'1', b'0', 540, 540),
(206, 7, '/images/breeds/e6b47a2f62d0956fae1f3970f310b64a.jpg', 'Great Pyrenees example image', b'1', b'0', 540, 540),
(207, 7, '/images/breeds/9f39f256dfc427cad1f89094369e6d3b.jpg', 'Great Pyrenees example image', b'1', b'0', 540, 540),
(208, 7, '/images/breeds/14f25ad78f02126a1ceeb44385378cd1.jpg', 'Great Pyrenees example image', b'1', b'0', 540, 540),
(209, 7, '/images/breeds/06ab2182c2a958a5f0de2035f39a0fa7.jpg', 'Great Pyrenees example image', b'1', b'0', 540, 540),
(210, 7, '/images/breeds/386c9ef54712d0218980b38219378ac4.jpg', 'Great Pyrenees example image', b'1', b'1', 540, 540),
(211, 24, '/images/breeds/Greyhound-running-in-lure-coursing.jpg', 'Greyhound example image', b'1', b'1', 540, 540),
(212, 24, '/images/breeds/GraceTheGreyhound.jpg', 'Greyhound example image', b'1', b'0', 540, 540),
(213, 24, '/images/breeds/5056.jpg', 'Greyhound example image', b'1', b'0', 540, 540),
(214, 24, '/images/breeds/Greyhound-laying-down-in-the-grass.jpg', 'Greyhound example image', b'1', b'0', 540, 540),
(215, 24, '/images/breeds/Italian_Greyhound_standing_gray_(cropped).jpg', 'Greyhound example image', b'1', b'0', 540, 540),
(216, 25, '/images/breeds/1af14f734087da9b1405f8f02a4374b1.jpg', 'Irish Setter example image', b'1', b'0', 540, 540),
(217, 25, '/images/breeds/5f886388c9da2c09d6e3adde3c247243.jpg', 'Irish Setter example image', b'1', b'1', 540, 540),
(218, 25, '/images/breeds/47d189e84639fc3f7f2937deb7b5eacd.jpg', 'Irish Setter example image', b'1', b'0', 540, 540),
(219, 25, '/images/breeds/de01c11dfd88085d19b336a812a1795d.jpg', 'Irish Setter example image', b'1', b'0', 540, 540),
(220, 25, '/images/breeds/35cc113cc5807a081a22317ddc0e6861.jpg', 'Irish Setter example image', b'1', b'0', 540, 540),
(221, 39, '/images/breeds/aff4222a0f4fb441d627f7ad396caf3d.jpg', 'Irish Water Spaniel example image', b'1', b'0', 540, 540),
(222, 39, '/images/breeds/c37f52e1a8288a9bf678b19f1e4f9bfb.jpg', 'Irish Water Spaniel example image', b'1', b'0', 540, 540),
(223, 39, '/images/breeds/ad28b267501ce726440c9d5cae4e6f33.jpg', 'Irish Water Spaniel example image', b'1', b'0', 540, 540),
(224, 39, '/images/breeds/220b9f4199980cddc4eb6a38d361b03b.jpg', 'Irish Water Spaniel example image', b'1', b'0', 540, 540),
(225, 39, '/images/breeds/8df66073740f76663abf8b5b13b34eeb.jpg', 'Irish Water Spaniel example image', b'1', b'1', 540, 540),
(226, 8, '/images/breeds/c72cad3c532886e10001f99c4a954156.jpg', 'Irish Wolfhound example image', b'1', b'0', 540, 540),
(227, 8, '/images/breeds/6d3d71bbfff198971e5dfdc16cbfc311.jpg', 'Irish Wolfhound example image', b'1', b'0', 540, 540),
(228, 8, '/images/breeds/a4b52955a828aa7ecb06081718ad89f5.jpg', 'Irish Wolfhound example image', b'1', b'0', 540, 540),
(229, 8, '/images/breeds/a4f8ba6aadd7017751b56ad0be5b96b3.jpg', 'Irish Wolfhound example image', b'1', b'0', 540, 540),
(230, 8, '/images/breeds/6c84c961c6b25c394fe8e75194a8a0fa.jpg', 'Irish Wolfhound example image', b'1', b'1', 540, 540),
(231, 73, '/images/breeds/d10f9ba331c5f66331a449463c06cd87.jpg', 'Italian Greyhound example image', b'1', b'0', 540, 540),
(232, 73, '/images/breeds/d1b1bb6de02d5b193e61e018cda53e47.jpg', 'Italian Greyhound example image', b'1', b'0', 540, 540),
(233, 73, '/images/breeds/feb9d0ae525ca28aabff74b455e34c16.jpg', 'Italian Greyhound example image', b'1', b'0', 540, 540),
(234, 73, '/images/breeds/e620a0807519a406a20dbe50ebeb1b1c.jpg', 'Italian Greyhound example image', b'1', b'1', 540, 540),
(235, 73, '/images/breeds/05a5e6f6b575688dc304ae72635db7b6.jpg', 'Italian Greyhound example image', b'1', b'0', 540, 540),
(236, 74, '/images/breeds/2-multi.jpg', 'Japanese Chin example image', b'1', b'0', 540, 540),
(237, 74, '/images/breeds/Japanese-Chin-laying-in-the-grass.jpg', 'Japanese Chin example image', b'1', b'0', 540, 540),
(238, 74, '/images/breeds/Japanese-Chin-standing-outdoors.jpg', 'Japanese Chin example image', b'1', b'0', 540, 540),
(239, 74, '/images/breeds/Japanese-Chin-FeaturedImage.jpg', 'Japanese Chin example image', b'1', b'1', 540, 540),
(240, 74, '/images/breeds/GettyImages-915830672-99aa3399478048c2a41b5c0b33588e4c.jpg', 'Japanese Chin example image', b'1', b'0', 540, 540),
(241, 40, '/images/breeds/f2b5ba1f32494b942731fb5248e114a8.jpg', 'Keeshond example image', b'1', b'0', 540, 540),
(242, 40, '/images/breeds/13ee74fa50b3e32356047fde4fd993ab.jpg', 'Keeshond example image', b'1', b'0', 540, 540),
(243, 40, '/images/breeds/5ef1542fb842b2a716f7d2ff8ee986d4.jpg', 'Keeshond example image', b'1', b'0', 540, 540),
(244, 40, '/images/breeds/8c77ac7beb31548766f7965ae9b245fe.jpg', 'Keeshond example image', b'1', b'0', 540, 540),
(245, 40, '/images/breeds/d155359376470f2e707ac73e636eb5b2.jpg', 'Keeshond example image', b'1', b'1', 540, 540),
(246, 41, '/images/breeds/5e7a57d414f85be05e7a26662ab49cca.jpg', 'Kerry Blue Terrier example image', b'1', b'0', 540, 540),
(247, 41, '/images/breeds/8cb6a74c34257a22665589648d827aad.jpg', 'Kerry Blue Terrier example image', b'1', b'0', 540, 540),
(248, 41, '/images/breeds/8cd3fb35c72d692d4c717b6052465f55.jpg', 'Kerry Blue Terrier example image', b'1', b'0', 540, 540),
(249, 41, '/images/breeds/45ca89a83dca243931c34525376c73f9.jpg', 'Kerry Blue Terrier example image', b'1', b'1', 540, 540),
(250, 41, '/images/breeds/540a64ab0a107a55d2cc0f8d2041c2c0.jpg', 'Kerry Blue Terrier example image', b'1', b'0', 540, 540),
(251, 26, '/images/breeds/75788fe1317d46dd758a9d295b83bc95.jpg', 'Labrador Retriever example image', b'1', b'1', 540, 540),
(252, 26, '/images/breeds/e77a27e8f24034facbfae4b2dffd476b.jpg', 'Labrador Retriever example image', b'1', b'0', 540, 540),
(253, 26, '/images/breeds/649bd8654c22611e7e4912d58249cb47.jpg', 'Labrador Retriever example image', b'1', b'0', 540, 540),
(254, 26, '/images/breeds/34269c1c995862b1c45b09f8117a2d5a.jpg', 'Labrador Retriever example image', b'1', b'0', 540, 540),
(255, 26, '/images/breeds/997673ede472a2fbb056bb4803d577e7.jpg', 'Labrador Retriever example image', b'1', b'0', 540, 540),
(256, 75, '/images/breeds/4dc262bd3c3f5bbab4c38147ddf204a1.jpg', 'Maltese example image', b'1', b'0', 540, 540),
(257, 75, '/images/breeds/f4c3afa01a61b3471656b42f8d5cb1e1.jpg', 'Maltese example image', b'1', b'0', 540, 540),
(258, 75, '/images/breeds/f5020914618ca6445b1bb1ca2e0a4d51.jpg', 'Maltese example image', b'1', b'0', 540, 540),
(259, 75, '/images/breeds/2071036a0cb133584c9b917b1a7e90d7.jpg', 'Maltese example image', b'1', b'0', 540, 540),
(260, 75, '/images/breeds/f523e20f7fac8e1d9909d0956a468467.jpg', 'Maltese example image', b'1', b'1', 540, 540),
(261, 9, '/images/breeds/7e69e9e20cf3b78cb6d2336df72575f7.jpg', 'Mastiff example image', b'1', b'0', 540, 540),
(262, 9, '/images/breeds/1dc49198d8a33372c106640a387dbefc.jpg', 'Mastiff example image', b'1', b'0', 540, 540),
(263, 9, '/images/breeds/55e1635823f2d3500fd9e5f6dc10170e.jpg', 'Mastiff example image', b'1', b'0', 540, 540),
(264, 9, '/images/breeds/302e4507ef9c5ba2c0b26ab890cd250c.jpg', 'Mastiff example image', b'1', b'0', 540, 540),
(265, 9, '/images/breeds/b27ccad9788e1868e258a96f8538830a.jpg', 'Mastiff example image', b'1', b'1', 540, 540),
(266, 76, '/images/breeds/7799fee02fb12deb117bd1162c33da48.jpg', 'Papillon example image', b'1', b'1', 540, 540),
(267, 76, '/images/breeds/f293c3e2fcc58e1d539aa71c56be8d55.jpg', 'Papillon example image', b'1', b'0', 540, 540),
(268, 76, '/images/breeds/5db5f37543049738ba92fbb41a51351a.jpg', 'Papillon example image', b'1', b'0', 540, 540),
(269, 76, '/images/breeds/2fc7536c676677e13484ad20c78d8e30.jpg', 'Papillon example image', b'1', b'0', 540, 540),
(270, 76, '/images/breeds/b62f1c768b5eb401fdf27a4fc2b64cf5.jpg', 'Papillon example image', b'1', b'0', 540, 540),
(271, 42, '/images/breeds/ffca1c97cea5fada05b8646998a5b788.jpg', 'Pharaoh Hound example image', b'1', b'0', 540, 540),
(272, 42, '/images/breeds/40fc221655af1f9ea340c3105a5a250b.jpg', 'Pharaoh Hound example image', b'1', b'0', 540, 540),
(273, 42, '/images/breeds/37b617c8586566870ef2fb65fbec59c0.jpg', 'Pharaoh Hound example image', b'1', b'0', 540, 540),
(274, 42, '/images/breeds/07096719a671e1737b829bd1a88f1dbf.jpg', 'Pharaoh Hound example image', b'1', b'0', 540, 540),
(275, 42, '/images/breeds/92362bf7e6ef7dffff3b8fd449b528aa.jpg', 'Pharaoh Hound example image', b'1', b'1', 540, 540),
(276, 43, '/images/breeds/German-Shorthaired-Pointer-on-point.jpg', 'Pointer example image', b'1', b'0', 540, 540),
(277, 43, '/images/breeds/1-point.jpg', 'Pointer example image', b'1', b'0', 540, 540),
(278, 43, '/images/breeds/GSPPointingGettyvik898-8470f518fbf04d74b14b18fc0fe61ef7.jpg', 'Pointer example image', b'1', b'0', 540, 540),
(279, 43, '/images/breeds/German-Shorthaired-Pointer-1.jpg', 'Pointer example image', b'1', b'0', 540, 540),
(280, 43, '/images/breeds/GettyImages-941329520-4d4983d95d994c7d8c9d6e02db25bffa.jpg', 'Pointer example image', b'1', b'1', 540, 540),
(281, 77, '/images/breeds/41c563d7e2951d0d04dd8c8cd4d50c33.jpg', 'Pomeranian example image', b'1', b'1', 540, 540),
(282, 77, '/images/breeds/50da32396bff4b805b32e79eb21e53d2.jpg', 'Pomeranian example image', b'1', b'0', 540, 540),
(283, 77, '/images/breeds/bf376d80e8752194a70b88cba386b4f2.jpg', 'Pomeranian example image', b'1', b'0', 540, 540),
(284, 77, '/images/breeds/48ef9a23f06d758bae5524d57d2592d2.jpg', 'Pomeranian example image', b'1', b'0', 540, 540),
(285, 77, '/images/breeds/8014cba37576a7698c3cd58131e7e54f.jpg', 'Pomeranian example image', b'1', b'0', 540, 540),
(286, 44, '/images/breeds/Portuguese-Water-Dog-standing-in-profile-outdoors.jpg', 'Portuguese Water Dog example image', b'1', b'0', 540, 540),
(287, 44, '/images/breeds/Portuguese-Water-Dog-standing-in-the-garden.jpg', 'Portuguese Water Dog example image', b'1', b'0', 540, 540),
(288, 44, '/images/breeds/PWD_list.jpg', 'Portuguese Water Dog example image', b'1', b'0', 540, 540),
(289, 44, '/images/breeds/dog_portuguese-water-dog_desktop.jpg', 'Portuguese Water Dog example image', b'1', b'1', 540, 540),
(290, 44, '/images/breeds/Portuguese-Water-Dog.jpg', 'Portuguese Water Dog example image', b'1', b'0', 540, 540),
(291, 62, '/images/breeds/0e403e86dc961d59fec94dfb62968a53.jpg', 'Pug example image', b'1', b'0', 540, 540),
(292, 62, '/images/breeds/77025d2001aabd615d18015a28ef8893.jpg', 'Pug example image', b'1', b'1', 540, 540),
(293, 62, '/images/breeds/c03241c397a1159f6fb358ef9d1874bb.jpg', 'Pug example image', b'1', b'0', 540, 540),
(294, 62, '/images/breeds/932a3f628a53b53847bb86e17a8e9534.jpg', 'Pug example image', b'1', b'0', 540, 540),
(295, 62, '/images/breeds/120c338a78b113785c31e4ebf11d229e.jpg', 'Pug example image', b'1', b'0', 540, 540),
(296, 27, '/images/breeds/a13b56a0dbeea4d70e52d48e8e9a7710.jpg', 'Rhodesian Ridgeback example image', b'1', b'0', 540, 540),
(297, 27, '/images/breeds/025d903b457b865fd29424916e42fbc2.jpg', 'Rhodesian Ridgeback example image', b'1', b'0', 540, 540),
(298, 27, '/images/breeds/37f1a6d8a5a2e3929afa8bdfc47aea2c.jpg', 'Rhodesian Ridgeback example image', b'1', b'0', 540, 540),
(299, 27, '/images/breeds/d82595dca7ce016827454328539a5bb7.jpg', 'Rhodesian Ridgeback example image', b'1', b'1', 540, 540),
(300, 27, '/images/breeds/b333b37df9ebb167887a6f7a2f25dccb.jpg', 'Rhodesian Ridgeback example image', b'1', b'0', 540, 540),
(301, 10, '/images/breeds/45d79ec71756709eb708d9abb3ee458f.jpg', 'Rottweiler example image', b'1', b'1', 540, 540),
(302, 10, '/images/breeds/6c6796e1774ac7ee32027efd36a329a1.jpg', 'Rottweiler example image', b'1', b'0', 540, 540),
(303, 10, '/images/breeds/9c255970bc0a106ad9b031c1a5cf97d1.jpg', 'Rottweiler example image', b'1', b'0', 540, 540),
(304, 10, '/images/breeds/2d0a562b51b634648b09778ae720a2d4.jpg', 'Rottweiler example image', b'1', b'0', 540, 540),
(305, 10, '/images/breeds/de48dcd04693d44183fcd50cd329d2e5.jpg', 'Rottweiler example image', b'1', b'0', 540, 540),
(306, 11, '/images/breeds/a7295fb63568fc0b1bfe4900835fc159.jpg', 'Saint Bernard example image', b'1', b'0', 540, 540),
(307, 11, '/images/breeds/c4ceeed5a3de99701f516c39181ce974.jpg', 'Saint Bernard example image', b'1', b'1', 540, 540),
(308, 11, '/images/breeds/625402e42292d1f8ae61e138894559a6.jpg', 'Saint Bernard example image', b'1', b'0', 540, 540),
(309, 11, '/images/breeds/86ead5380434660cdd8a6625ad6fe341.jpg', 'Saint Bernard example image', b'1', b'0', 540, 540),
(310, 11, '/images/breeds/387ae4422add8a82e27f14da3b778a5f.jpg', 'Saint Bernard example image', b'1', b'0', 540, 540),
(311, 45, '/images/breeds/c3487bbf17be7def166026f875edbdc0.jpg', 'Saluki example image', b'1', b'0', 540, 540),
(312, 45, '/images/breeds/05d6e6de49a6999e56de23c4608af441.jpg', 'Saluki example image', b'1', b'0', 540, 540),
(313, 45, '/images/breeds/7f98bb8d798eee9f2204b10aa52a153a.jpg', 'Saluki example image', b'1', b'0', 540, 540),
(314, 45, '/images/breeds/f7c998238377fda6bb1d8622c5d65c45.jpg', 'Saluki example image', b'1', b'0', 540, 540),
(315, 45, '/images/breeds/80a4a8827e7bd85603b6f0aca9bfebec.jpg', 'Saluki example image', b'1', b'1', 540, 540),
(316, 46, '/images/breeds/692e38e7a69583757cfdcecd6533b84a.jpg', 'Samoyed example image', b'1', b'0', 540, 540),
(317, 46, '/images/breeds/d34fba7b6362358f5bd02827ce6389e8.jpg', 'Samoyed example image', b'1', b'0', 540, 540),
(318, 46, '/images/breeds/6eeae947efa8162eb3b8e8a0bafc7997.jpg', 'Samoyed example image', b'1', b'1', 540, 540),
(319, 46, '/images/breeds/5cd231784d822f0e68721536c40a81d8.jpg', 'Samoyed example image', b'1', b'0', 540, 540),
(320, 46, '/images/breeds/43c77db3424becc68da6a3d44591b2cc.jpg', 'Samoyed example image', b'1', b'0', 540, 540),
(321, 63, '/images/breeds/7c577bf4702ba35e902285d4452ed1ca.jpg', 'Schipperke example image', b'1', b'1', 540, 540),
(322, 63, '/images/breeds/9f80e62e65d0cdbde6647f054f12bbef.jpg', 'Schipperke example image', b'1', b'0', 540, 540),
(323, 63, '/images/breeds/a00af55eaca223de36018867b5cf729f.jpg', 'Schipperke example image', b'1', b'0', 540, 540),
(324, 63, '/images/breeds/b76ab109cca8b7170e7b8983dfc1c9db.jpg', 'Schipperke example image', b'1', b'0', 540, 540),
(325, 63, '/images/breeds/c0a34f1fd1f8ccc767a5fcf9a5763e1d.jpg', 'Schipperke example image', b'1', b'0', 540, 540),
(326, 28, '/images/breeds/edb50bbbbf53fb184cbc04f21dd97b81.jpg', 'Scottish Deerhound example image', b'1', b'0', 540, 540),
(327, 28, '/images/breeds/d47fcfb7f8b4de12cb78b54eb1c62dcb.jpg', 'Scottish Deerhound example image', b'1', b'1', 540, 540),
(328, 28, '/images/breeds/27290de13a539134e06d9a5af13e23a1.jpg', 'Scottish Deerhound example image', b'1', b'0', 540, 540),
(329, 28, '/images/breeds/7968fee6de08f19f2a783e5b9a8bd46f.jpg', 'Scottish Deerhound example image', b'1', b'0', 540, 540),
(330, 28, '/images/breeds/3fd4d0daf3781126dde8e6d4e47ce4dd.jpg', 'Scottish Deerhound example image', b'1', b'0', 540, 540),
(331, 64, '/images/breeds/924d9891d144fe3df9c06cc281bc5e86.jpg', 'Sealyham Terrier example image', b'1', b'0', 540, 540),
(332, 64, '/images/breeds/7262b773c5838d6093941df38bd1f319.jpg', 'Sealyham Terrier example image', b'1', b'1', 540, 540),
(333, 64, '/images/breeds/5add2f9fdf959c5dd8e5b2b21128864d.jpg', 'Sealyham Terrier example image', b'1', b'0', 540, 540),
(334, 64, '/images/breeds/6a8adf2f22df7bdf54800318f1a3face.jpg', 'Sealyham Terrier example image', b'1', b'0', 540, 540),
(335, 64, '/images/breeds/a874515996b484c8cd2864b4ae7fcd85.jpg', 'Sealyham Terrier example image', b'1', b'0', 540, 540),
(336, 65, '/images/breeds/Shiba-Inu.jpg', 'Shiba Inu example image', b'1', b'1', 540, 540),
(337, 65, '/images/breeds/Shiba-Inu-standing-in-profile-outdoors.jpg', 'Shiba Inu example image', b'1', b'0', 540, 540),
(338, 65, '/images/breeds/Shiba-Inu-Hero-1.jpg', 'Shiba Inu example image', b'1', b'0', 540, 540),
(339, 65, '/images/breeds/3-overshoulder.jpg', 'Shiba Inu example image', b'1', b'0', 540, 540),
(340, 65, '/images/breeds/1200px-Taka_Shiba.jpg', 'Shiba Inu example image', b'1', b'0', 540, 540),
(341, 66, '/images/breeds/Shih-Tzu.jpg', 'Shih Tzu example image', b'1', b'0', 540, 540),
(342, 66, '/images/breeds/cute-Shih-Tzu-with-mud-on-his-fur-sticks-tongue-out-.jpg', 'Shih Tzu example image', b'1', b'1', 540, 540),
(343, 66, '/images/breeds/Shih-Tzu-17-4-1.jpg', 'Shih Tzu example image', b'1', b'0', 540, 540),
(344, 66, '/images/breeds/Shih-Tzus-together-in-the-grass.jpg', 'Shih Tzu example image', b'1', b'0', 540, 540),
(345, 66, '/images/breeds/shih-tzu-breed-picture-1.jpg', 'Shih Tzu example image', b'1', b'0', 540, 540),
(346, 47, '/images/breeds/ed894588cade79d0253082f96f2a6310.jpg', 'Siberian Husky example image', b'1', b'0', 540, 540),
(347, 47, '/images/breeds/e5fe6ce882c440a45354722376fdb770.jpg', 'Siberian Husky example image', b'1', b'0', 540, 540),
(348, 47, '/images/breeds/38df8edb78febdb8f23253238cce0ba9.jpg', 'Siberian Husky example image', b'1', b'1', 540, 540),
(349, 47, '/images/breeds/3a3d8c875f399ecdeaadf1dd37b9de56.jpg', 'Siberian Husky example image', b'1', b'0', 540, 540),
(350, 47, '/images/breeds/dd694fe7f5b46a6dd7c545d31004e1f6.jpg', 'Siberian Husky example image', b'1', b'0', 540, 540),
(351, 67, '/images/breeds/ff2523c07da7a6cbeeb7c8f8dafed24f.jpg', 'Skye Terrier example image', b'1', b'0', 540, 540),
(352, 67, '/images/breeds/0df4124761f7303a0080d50377f2ec7b.jpg', 'Skye Terrier example image', b'1', b'1', 540, 540),
(353, 67, '/images/breeds/9305df8ac8d5c0744b124ae260d55099.jpg', 'Skye Terrier example image', b'1', b'0', 540, 540),
(354, 67, '/images/breeds/7515d9c6b41d7b8bb0c7fda05278e16d.jpg', 'Skye Terrier example image', b'1', b'0', 540, 540),
(355, 67, '/images/breeds/b737fc5d09de76ab8b5778cc5cc77dcc.jpg', 'Skye Terrier example image', b'1', b'0', 540, 540),
(356, 48, '/images/breeds/staffie-1.jpg', 'Staffordshire Bull Terrier example image', b'1', b'0', 540, 540),
(357, 48, '/images/breeds/Staffordshire-Bull-Terrier-standing-outdoors.jpg', 'Staffordshire Bull Terrier example image', b'1', b'0', 540, 540),
(358, 48, '/images/breeds/blue-staffordshire-bull-terrier-blue-staffordshire-bull-terrier-standing-209218253.jpg', 'Staffordshire Bull Terrier example image', b'1', b'1', 540, 540),
(359, 48, '/images/breeds/staffordshire-bull-terrier.jpg', 'Staffordshire Bull Terrier example image', b'1', b'0', 540, 540),
(360, 48, '/images/breeds/Staffordshire-Bull-Terrier-head-portrait-outdoors.jpg', 'Staffordshire Bull Terrier example image', b'1', b'0', 540, 540),
(361, 68, '/images/breeds/071652f5f5d0bf00983c075e96ad725f.jpg', 'Tibetan Spaniel example image', b'1', b'0', 540, 540),
(362, 68, '/images/breeds/95b04ef45b853922685ba6d257fc2f0c.jpg', 'Tibetan Spaniel example image', b'1', b'1', 540, 540),
(363, 68, '/images/breeds/cf006bb3f31c015f513071e9067f8ee0.jpg', 'Tibetan Spaniel example image', b'1', b'0', 540, 540),
(364, 68, '/images/breeds/0fe613c90931a021ad3716dcb9a5f270.jpg', 'Tibetan Spaniel example image', b'1', b'0', 540, 540),
(365, 68, '/images/breeds/b7210485096e88407ad8bd62d1969e02.jpg', 'Tibetan Spaniel example image', b'1', b'0', 540, 540),
(366, 69, '/images/breeds/fc94a4822e2d9427568b6d5427e903a7.jpg', 'Tibetan Terrier example image', b'1', b'0', 540, 540),
(367, 69, '/images/breeds/85c581c27e5087f96a06de686e97dc88.jpg', 'Tibetan Terrier example image', b'1', b'0', 540, 540),
(368, 69, '/images/breeds/96e158af695d168ded068b4b115b69ab.jpg', 'Tibetan Terrier example image', b'1', b'0', 540, 540),
(369, 69, '/images/breeds/ffc532991d3cd7880d27a449ed1c4770.jpg', 'Tibetan Terrier example image', b'1', b'0', 540, 540),
(370, 69, '/images/breeds/311e99a9c864d77231937854e77cb329.jpg', 'Tibetan Terrier example image', b'1', b'1', 540, 540),
(371, 49, '/images/breeds/ca61b56aa74ae742e9022874b8676112.jpg', 'Vizsla example image', b'1', b'0', 540, 540),
(372, 49, '/images/breeds/0b1e71a499a26eaacc06991bca982523.jpg', 'Vizsla example image', b'1', b'0', 540, 540),
(373, 49, '/images/breeds/f3b47556eea0151354f1ee1b40762fce.jpg', 'Vizsla example image', b'1', b'0', 540, 540),
(374, 49, '/images/breeds/95c246b63eb7f6c5312181d954d5d01c.jpg', 'Vizsla example image', b'1', b'1', 540, 540),
(375, 49, '/images/breeds/cc7ae3da3bebcc4acb10128078cdf29a.jpg', 'Vizsla example image', b'1', b'0', 540, 540),
(376, 50, '/images/breeds/81f5681a9e71dcccfeb64b104a22dfda.jpg', 'Welsh Springer Spaniel example image', b'1', b'0', 540, 540),
(377, 50, '/images/breeds/93da5672c36d4aa8c89b9a526f4a33fc.jpg', 'Welsh Springer Spaniel example image', b'1', b'0', 540, 540),
(378, 50, '/images/breeds/ad019e394b55406f412b9a03899d5705.jpg', 'Welsh Springer Spaniel example image', b'1', b'0', 540, 540),
(379, 50, '/images/breeds/e81b2d682dd2a2f5900b07551297f0a5.jpg', 'Welsh Springer Spaniel example image', b'1', b'0', 540, 540),
(380, 50, '/images/breeds/c1eadd472eb3727e82e69fe3f0170f10.jpg', 'Welsh Springer Spaniel example image', b'1', b'1', 540, 540),
(381, 70, '/images/breeds/e3e2cb3f0677ec569e74474b7e6a236d.jpg', 'Whippet example image', b'1', b'0', 540, 540),
(382, 70, '/images/breeds/bce16a980008e997450eb48c3cdc7581.jpg', 'Whippet example image', b'1', b'1', 540, 540),
(383, 70, '/images/breeds/18fa3a34649877d88173d1e3c05c12ff.jpg', 'Whippet example image', b'1', b'0', 540, 540),
(384, 70, '/images/breeds/fca387fcb6630ae11536b3374d3b2234.jpg', 'Whippet example image', b'1', b'0', 540, 540),
(385, 70, '/images/breeds/7cbf5c9694a8b039a2d3b47e64a7f750.jpg', 'Whippet example image', b'1', b'0', 540, 540);

-- --------------------------------------------------------

--
-- Table structure for table `dogs`
--

CREATE TABLE `dogs` (
  `dog_id` int(11) NOT NULL,
  `owner_id` int(11) DEFAULT NULL,
  `shelter_id` int(11) NOT NULL,
  `breed_id` int(11) NOT NULL,
  `name` varchar(32) NOT NULL,
  `age` int(11) NOT NULL,
  `dob` date NOT NULL,
  `gender` varchar(6) NOT NULL,
  `desexed` tinyint(1) NOT NULL,
  `vaccinated` tinyint(1) NOT NULL,
  `fee` int(11) NOT NULL,
  `adoption_date` date DEFAULT NULL
) ENGINE=InnoDB DEFAULT CHARSET=utf8;

--
-- Dumping data for table `dogs`
--

INSERT INTO `dogs` (`dog_id`, `owner_id`, `shelter_id`, `breed_id`, `name`, `age`, `dob`, `gender`, `desexed`, `vaccinated`, `fee`, `adoption_date`) VALUES
(1, NULL, 13, 52, 'Corky', 4, '2017-05-02', 'male', 0, 0, 300, NULL),
(2, NULL, 16, 1, 'Alford', 6, '2014-09-19', 'male', 1, 1, 250, NULL),
(3, NULL, 9, 47, 'Bernard', 9, '2012-01-11', 'male', 0, 0, 150, NULL),
(4, NULL, 11, 42, 'Nori', 1, '2020-06-17', 'female', 1, 1, 150, NULL),
(5, NULL, 16, 70, 'Atlas', 9, '2012-02-12', 'male', 1, 1, 300, NULL),
(6, NULL, 1, 75, 'Barkley', 9, '2012-03-03', 'male', 0, 1, 200, NULL),
(7, NULL, 13, 56, 'Coco', 11, '2009-09-16', 'male', 0, 0, 300, NULL),
(8, NULL, 6, 44, 'Storm', 10, '2011-01-23', 'male', 0, 0, 200, NULL),
(9, NULL, 15, 47, 'Barton', 1, '2020-04-26', 'male', 0, 1, 200, NULL),
(10, NULL, 10, 49, 'Marco', 11, '2010-01-03', 'male', 1, 0, 250, NULL),
(11, NULL, 17, 49, 'Ruby', 3, '2018-03-18', 'female', 0, 0, 300, NULL),
(12, NULL, 12, 41, 'Lois', 8, '2013-01-03', 'female', 0, 0, 300, NULL),
(13, NULL, 10, 59, 'Bentley', 0, '2020-10-20', 'male', 0, 0, 200, NULL),
(14, NULL, 1, 43, 'Henley', 3, '2018-04-14', 'female', 0, 1, 200, NULL),
(15, NULL, 3, 49, 'Ranger', 9, '2012-07-12', 'male', 1, 0, 250, NULL),
(16, NULL, 1, 55, 'Ulysses', 5, '2016-07-25', 'male', 1, 1, 300, NULL),
(17, NULL, 3, 53, 'Gypsy', 1, '2019-09-23', 'female', 1, 1, 200, NULL),
(18, NULL, 4, 11, 'Floyd', 6, '2015-08-16', 'male', 0, 0, 350, NULL),
(19, NULL, 17, 22, 'Storm', 4, '2017-06-30', 'female', 1, 1, 200, NULL),
(20, NULL, 7, 25, 'Ivy', 0, '2021-08-18', 'female', 1, 1, 250, NULL),
(21, NULL, 3, 56, 'Odessa', 4, '2017-04-30', 'female', 0, 1, 200, NULL),
(22, NULL, 13, 66, 'Davy', 3, '2018-08-16', 'male', 0, 1, 150, NULL),
(23, NULL, 17, 40, 'Kali', 10, '2010-11-30', 'female', 0, 1, 250, NULL),
(24, NULL, 9, 13, 'Finn', 8, '2013-08-24', 'male', 1, 1, 200, NULL),
(25, NULL, 8, 4, 'Quincy', 7, '2014-04-27', 'male', 1, 1, 200, NULL),
(26, NULL, 11, 77, 'Nadia', 4, '2017-06-25', 'female', 1, 0, 200, NULL),
(27, NULL, 12, 20, 'Maggie', 9, '2012-04-12', 'female', 0, 0, 300, NULL),
(28, NULL, 11, 67, 'Irving', 2, '2019-04-03', 'male', 0, 0, 200, NULL),
(29, NULL, 1, 8, 'Simon', 3, '2017-12-16', 'male', 1, 0, 150, NULL),
(30, NULL, 1, 7, 'Victoria', 4, '2017-02-23', 'female', 0, 0, 300, NULL),
(31, NULL, 12, 30, 'Chance', 6, '2015-03-31', 'male', 1, 0, 200, NULL),
(32, NULL, 12, 64, 'Lewis', 1, '2020-04-15', 'male', 1, 1, 350, NULL),
(33, NULL, 15, 13, 'Avery', 1, '2020-03-23', 'female', 1, 1, 350, NULL),
(34, NULL, 4, 20, 'Otis', 0, '2020-11-06', 'male', 0, 1, 200, NULL),
(35, NULL, 6, 52, 'Chips', 4, '2017-01-05', 'male', 1, 1, 250, NULL),
(36, NULL, 15, 55, 'Sparky', 9, '2012-04-15', 'male', 1, 1, 250, NULL),
(37, NULL, 14, 30, 'Crystal', 10, '2011-02-21', 'female', 0, 0, 350, NULL),
(38, NULL, 16, 68, 'Dory', 6, '2015-07-01', 'female', 0, 1, 350, NULL),
(39, NULL, 6, 4, 'Lulu', 5, '2016-03-25', 'female', 1, 0, 200, NULL),
(40, NULL, 18, 53, 'Oreo', 1, '2019-10-23', 'female', 1, 1, 350, NULL),
(41, NULL, 9, 53, 'Casper', 3, '2018-04-13', 'male', 1, 0, 300, NULL),
(42, NULL, 4, 48, 'Goose', 3, '2017-09-05', 'male', 0, 0, 150, NULL),
(43, NULL, 17, 53, 'Malcolm', 9, '2011-12-03', 'male', 0, 0, 200, NULL),
(44, NULL, 14, 39, 'Sawyer', 2, '2018-11-19', 'male', 1, 0, 350, NULL),
(45, NULL, 8, 71, 'Luna', 11, '2009-08-30', 'female', 1, 0, 350, NULL),
(46, NULL, 16, 29, 'Yogi', 5, '2016-03-17', 'male', 1, 1, 250, NULL),
(47, NULL, 9, 10, 'Carly', 9, '2012-02-06', 'female', 0, 0, 300, NULL),
(48, NULL, 14, 58, 'Ash', 2, '2019-06-30', 'male', 1, 0, 300, NULL),
(49, NULL, 6, 74, 'Felix', 4, '2017-06-15', 'male', 1, 1, 300, NULL),
(50, NULL, 4, 54, 'Savannah', 10, '2011-02-23', 'female', 0, 1, 150, NULL),
(51, NULL, 13, 36, 'Cisco', 2, '2018-10-12', 'male', 0, 0, 350, NULL),
(52, NULL, 4, 26, 'Gage', 3, '2018-06-21', 'male', 0, 0, 150, NULL),
(53, NULL, 17, 7, 'Donovan', 11, '2010-04-03', 'male', 0, 1, 300, NULL),
(54, NULL, 13, 33, 'Serenity', 11, '2010-08-19', 'female', 0, 1, 300, NULL),
(55, NULL, 12, 8, 'Mila', 4, '2016-12-23', 'female', 0, 1, 150, NULL),
(56, NULL, 5, 51, 'Emma', 4, '2017-01-08', 'female', 1, 1, 200, NULL),
(57, NULL, 3, 59, 'Valentine', 2, '2019-06-22', 'female', 0, 0, 250, NULL),
(58, NULL, 4, 36, 'Chanel', 7, '2014-04-11', 'female', 0, 1, 350, NULL),
(59, NULL, 13, 17, 'Igor', 3, '2018-01-06', 'male', 0, 0, 350, NULL),
(60, NULL, 18, 12, 'Hope', 3, '2018-06-24', 'female', 1, 1, 250, NULL),
(61, NULL, 7, 36, 'Yoshi', 5, '2015-09-07', 'male', 1, 1, 300, NULL),
(62, NULL, 1, 10, 'Ida', 1, '2020-06-06', 'female', 0, 1, 150, NULL),
(63, NULL, 17, 13, 'Haley', 10, '2010-11-09', 'female', 0, 1, 250, NULL),
(64, NULL, 11, 47, 'Izzy', 1, '2020-07-20', 'female', 1, 0, 300, NULL),
(65, NULL, 17, 49, 'Faith', 7, '2013-11-15', 'female', 0, 1, 350, NULL),
(66, NULL, 7, 44, 'Summer', 4, '2016-12-27', 'female', 1, 0, 350, NULL),
(67, NULL, 11, 1, 'Cornelius', 4, '2017-01-21', 'male', 1, 0, 350, NULL),
(68, NULL, 12, 39, 'Ezra', 1, '2019-12-04', 'male', 0, 0, 150, NULL),
(69, NULL, 8, 33, 'Andy', 6, '2015-03-07', 'male', 0, 0, 200, NULL),
(70, NULL, 5, 35, 'Arnold', 10, '2011-01-16', 'male', 0, 1, 350, NULL),
(71, NULL, 13, 28, 'Courtney', 11, '2009-11-22', 'female', 0, 1, 250, NULL),
(72, NULL, 11, 43, 'Taylor', 10, '2010-09-21', 'male', 0, 0, 200, NULL),
(73, NULL, 13, 62, 'Randall', 11, '2009-10-22', 'male', 0, 1, 350, NULL),
(74, NULL, 16, 19, 'Snickers', 10, '2011-01-15', 'female', 0, 1, 250, NULL),
(75, NULL, 10, 37, 'Harrison', 4, '2017-07-17', 'male', 1, 1, 150, NULL),
(76, NULL, 9, 32, 'Wiggles', 11, '2009-12-02', 'female', 0, 0, 300, NULL),
(77, NULL, 1, 48, 'Hayes', 8, '2013-05-11', 'male', 1, 1, 350, NULL),
(78, NULL, 10, 56, 'Fiona', 11, '2010-04-20', 'female', 0, 0, 150, NULL),
(79, NULL, 17, 26, 'Gabby', 10, '2011-02-25', 'female', 0, 1, 150, NULL),
(80, NULL, 1, 61, 'Blossom', 6, '2015-07-19', 'female', 1, 0, 350, NULL),
(81, NULL, 12, 12, 'Ellie', 6, '2014-11-22', 'female', 1, 1, 200, NULL),
(82, NULL, 13, 69, 'Mckenna', 3, '2017-10-19', 'female', 1, 0, 350, NULL),
(83, NULL, 3, 31, 'Brock', 4, '2017-07-27', 'male', 1, 0, 350, NULL),
(84, NULL, 16, 66, 'Milton', 0, '2021-05-04', 'male', 0, 1, 250, NULL),
(85, NULL, 2, 45, 'Tabitha', 3, '2018-08-22', 'female', 0, 1, 250, NULL),
(86, NULL, 7, 75, 'Imani', 11, '2010-08-15', 'female', 1, 0, 150, NULL),
(87, NULL, 11, 11, 'Stewie', 3, '2017-09-16', 'male', 1, 1, 200, NULL),
(88, NULL, 5, 12, 'Mabel', 10, '2011-07-10', 'female', 1, 1, 350, NULL),
(89, NULL, 6, 25, 'Evelyn', 0, '2020-09-04', 'female', 1, 1, 350, NULL),
(90, NULL, 3, 12, 'William', 8, '2012-10-11', 'male', 1, 1, 300, NULL),
(91, NULL, 5, 15, 'Dodge', 7, '2014-03-31', 'male', 1, 0, 250, NULL),
(92, NULL, 9, 16, 'Tucker', 1, '2020-08-14', 'male', 1, 1, 200, NULL),
(93, NULL, 4, 10, 'Elway', 9, '2012-04-03', 'male', 1, 1, 200, NULL),
(94, NULL, 16, 60, 'Buffy', 4, '2017-06-10', 'female', 0, 0, 300, NULL),
(95, NULL, 7, 12, 'Dylan', 7, '2014-05-05', 'male', 1, 1, 350, NULL),
(96, NULL, 12, 41, 'Summer', 5, '2015-12-07', 'male', 0, 0, 300, NULL),
(97, NULL, 16, 49, 'Jax', 10, '2011-02-06', 'male', 1, 0, 350, NULL),
(98, NULL, 5, 26, 'Elsa', 11, '2009-09-17', 'female', 1, 0, 350, NULL),
(99, NULL, 5, 26, 'Rita', 10, '2010-10-25', 'female', 1, 0, 250, NULL),
(100, NULL, 11, 7, 'Tripp', 8, '2012-11-13', 'male', 1, 0, 350, NULL),
(101, NULL, 6, 20, 'Clyde', 7, '2014-02-06', 'male', 0, 0, 250, NULL),
(102, NULL, 13, 74, 'Cricket', 7, '2014-03-25', 'female', 0, 0, 200, NULL),
(103, NULL, 5, 43, 'Chip', 3, '2018-01-31', 'male', 0, 1, 250, NULL),
(104, NULL, 12, 76, 'Eliza', 8, '2013-04-26', 'female', 0, 1, 250, NULL),
(105, NULL, 15, 66, 'Richard', 2, '2019-02-26', 'male', 0, 1, 150, NULL),
(106, NULL, 16, 25, 'Jade', 10, '2010-12-31', 'female', 0, 0, 200, NULL),
(107, NULL, 11, 1, 'Bryce', 4, '2016-10-29', 'male', 0, 0, 200, NULL),
(108, NULL, 10, 40, 'Lorraine', 1, '2020-05-09', 'female', 1, 0, 300, NULL),
(109, NULL, 1, 41, 'Morton', 2, '2019-02-17', 'male', 1, 0, 300, NULL),
(110, NULL, 3, 30, 'Bean', 3, '2017-08-31', 'female', 0, 1, 250, NULL),
(111, NULL, 13, 42, 'Trixie', 6, '2015-02-23', 'female', 1, 0, 250, NULL),
(112, NULL, 18, 14, 'Ivory', 2, '2019-01-18', 'female', 1, 1, 200, NULL),
(113, NULL, 13, 50, 'Pearl', 3, '2018-03-17', 'female', 0, 0, 250, NULL),
(114, NULL, 7, 8, 'Alvin', 7, '2014-07-06', 'male', 0, 1, 200, NULL),
(115, NULL, 6, 24, 'Justice', 9, '2012-02-12', 'female', 0, 0, 200, NULL),
(116, NULL, 17, 28, 'Callie', 8, '2013-08-07', 'female', 1, 0, 200, NULL),
(117, NULL, 5, 14, 'Phoenix', 6, '2014-12-29', 'female', 1, 1, 150, NULL),
(118, NULL, 5, 57, 'Venus', 0, '2021-05-18', 'female', 1, 0, 350, NULL),
(119, NULL, 6, 73, 'Dakota', 1, '2020-07-30', 'female', 1, 0, 200, NULL),
(120, NULL, 7, 63, 'Eliot', 9, '2012-07-06', 'male', 0, 1, 300, NULL),
(121, NULL, 10, 16, 'Kinley', 9, '2012-05-04', 'female', 0, 0, 250, NULL),
(122, NULL, 3, 68, 'Lenny', 0, '2021-05-22', 'male', 1, 0, 200, NULL),
(123, NULL, 9, 23, 'Dot', 4, '2017-04-29', 'female', 1, 0, 350, NULL),
(124, NULL, 9, 75, 'Herbert', 4, '2017-08-12', 'male', 1, 1, 250, NULL),
(125, NULL, 8, 32, 'Alexis', 10, '2011-08-23', 'female', 1, 0, 200, NULL),
(126, NULL, 2, 51, 'Harold', 0, '2021-01-17', 'male', 0, 1, 250, NULL),
(127, NULL, 7, 3, 'Eden', 10, '2010-10-07', 'female', 1, 1, 300, NULL),
(128, NULL, 8, 24, 'Bruno', 5, '2016-03-24', 'male', 0, 0, 300, NULL),
(129, NULL, 15, 44, 'Tyson', 11, '2009-09-06', 'male', 1, 0, 150, NULL),
(130, NULL, 1, 32, 'Destiny', 1, '2020-08-14', 'female', 1, 1, 200, NULL),
(131, NULL, 3, 75, 'Lance', 11, '2010-07-06', 'male', 1, 0, 350, NULL),
(132, NULL, 12, 8, 'Sawyer', 11, '2010-04-18', 'female', 0, 1, 300, NULL),
(133, NULL, 11, 42, 'Truman', 7, '2013-12-15', 'male', 1, 0, 200, NULL),
(134, NULL, 14, 36, 'Edie', 1, '2020-06-20', 'female', 0, 1, 150, NULL),
(135, NULL, 2, 22, 'Talia', 4, '2017-02-15', 'female', 1, 0, 250, NULL),
(136, NULL, 2, 56, 'Farley', 5, '2015-12-27', 'male', 0, 0, 150, NULL),
(137, NULL, 7, 63, 'Russell', 0, '2021-03-02', 'male', 0, 0, 350, NULL),
(138, NULL, 8, 46, 'Lyla', 0, '2020-11-20', 'female', 0, 1, 150, NULL),
(139, NULL, 10, 54, 'Heidi', 5, '2015-08-29', 'female', 1, 1, 150, NULL),
(140, NULL, 10, 8, 'Todd', 10, '2010-11-04', 'male', 1, 0, 350, NULL),
(141, NULL, 2, 76, 'Pumpkin', 9, '2012-07-30', 'female', 1, 0, 250, NULL),
(142, NULL, 2, 68, 'Liana', 8, '2013-07-21', 'female', 1, 1, 200, NULL),
(143, NULL, 10, 51, 'Brownie', 7, '2013-10-14', 'male', 0, 0, 200, NULL),
(144, NULL, 8, 36, 'Demi', 0, '2021-04-23', 'female', 0, 0, 150, NULL),
(145, NULL, 13, 74, 'Percy', 11, '2009-10-23', 'male', 1, 1, 200, NULL),
(146, NULL, 8, 18, 'Kayla', 7, '2014-03-23', 'female', 1, 1, 150, NULL),
(147, NULL, 11, 4, 'Sheldon', 7, '2014-05-03', 'male', 0, 0, 250, NULL),
(148, NULL, 17, 46, 'Darla', 7, '2014-04-16', 'female', 1, 0, 350, NULL),
(149, NULL, 15, 10, 'Nola', 11, '2010-05-06', 'female', 1, 0, 350, NULL),
(150, NULL, 14, 35, 'Pongo', 8, '2013-06-19', 'male', 0, 0, 150, NULL),
(151, NULL, 5, 4, 'Joseph', 2, '2018-10-29', 'male', 0, 0, 300, NULL),
(152, NULL, 4, 59, 'Rudy', 7, '2013-11-20', 'male', 0, 0, 300, NULL),
(153, NULL, 11, 62, 'Dexter', 7, '2014-03-20', 'male', 1, 1, 250, NULL),
(154, NULL, 2, 37, 'Riley', 1, '2020-08-05', 'male', 0, 1, 300, NULL),
(155, NULL, 12, 47, 'Maxwell', 10, '2010-11-14', 'male', 0, 1, 150, NULL),
(156, NULL, 15, 19, 'Ned', 6, '2015-01-20', 'male', 1, 1, 300, NULL),
(157, NULL, 6, 52, 'Esmerelda', 3, '2018-06-03', 'female', 1, 1, 200, NULL),
(158, NULL, 9, 51, 'Anya', 3, '2018-05-28', 'female', 0, 0, 250, NULL),
(159, NULL, 11, 3, 'Wesley', 0, '2021-05-14', 'male', 1, 0, 350, NULL),
(160, NULL, 4, 45, 'Joan', 2, '2019-02-17', 'female', 1, 0, 200, NULL),
(161, NULL, 1, 8, 'Charlie', 2, '2018-09-17', 'male', 0, 0, 150, NULL),
(162, NULL, 2, 38, 'Harvey', 0, '2021-06-23', 'male', 1, 1, 150, NULL),
(163, NULL, 13, 76, 'Hooch', 10, '2011-04-18', 'male', 0, 1, 350, NULL),
(164, NULL, 10, 19, 'Fletcher', 10, '2011-01-12', 'male', 1, 1, 150, NULL),
(165, NULL, 4, 12, 'Duchess', 6, '2015-06-07', 'female', 1, 0, 350, NULL),
(166, NULL, 18, 70, 'Roxy', 11, '2010-03-19', 'female', 1, 1, 150, NULL),
(167, NULL, 14, 8, 'Rex', 7, '2014-07-17', 'male', 0, 1, 250, NULL),
(168, NULL, 17, 43, 'Esther', 1, '2020-07-20', 'female', 1, 1, 200, NULL),
(169, NULL, 14, 38, 'Barney', 3, '2017-09-21', 'male', 1, 1, 200, NULL),
(170, NULL, 13, 27, 'River', 5, '2016-07-05', 'female', 1, 0, 150, NULL),
(171, NULL, 4, 8, 'Velma', 6, '2014-11-09', 'female', 1, 0, 350, NULL),
(172, NULL, 18, 19, 'Gidget', 7, '2014-01-05', 'female', 0, 1, 200, NULL),
(173, NULL, 14, 16, 'Dixon', 1, '2019-12-07', 'male', 0, 0, 150, NULL),
(174, NULL, 17, 55, 'Vincent', 10, '2011-03-31', 'male', 0, 1, 150, NULL),
(175, NULL, 10, 8, 'Tot', 4, '2017-01-27', 'male', 1, 0, 250, NULL),
(176, NULL, 6, 51, 'Ernest', 0, '2021-01-15', 'male', 0, 1, 250, NULL),
(177, NULL, 13, 12, 'Harlow', 6, '2015-06-09', 'female', 1, 1, 350, NULL),
(178, NULL, 13, 59, 'Beau', 5, '2015-09-29', 'male', 1, 1, 300, NULL),
(179, NULL, 1, 20, 'Evan', 2, '2019-03-08', 'male', 0, 1, 200, NULL),
(180, NULL, 8, 37, 'Saul', 6, '2015-05-13', 'male', 1, 0, 350, NULL),
(181, NULL, 7, 17, 'Skye', 7, '2014-06-23', 'female', 0, 0, 350, NULL),
(182, NULL, 6, 67, 'Oscar', 1, '2020-02-09', 'male', 0, 1, 350, NULL),
(183, NULL, 2, 29, 'Annie', 6, '2015-01-13', 'female', 0, 1, 300, NULL),
(184, NULL, 9, 71, 'Hamilton', 3, '2018-05-23', 'male', 1, 1, 150, NULL),
(185, NULL, 5, 63, 'Ursula', 4, '2016-12-06', 'female', 0, 0, 300, NULL),
(186, NULL, 8, 43, 'Greta', 10, '2011-02-22', 'female', 0, 1, 200, NULL),
(187, NULL, 7, 50, 'Norm', 0, '2021-04-18', 'male', 1, 1, 250, NULL),
(188, NULL, 9, 71, 'Felton', 6, '2015-08-24', 'male', 0, 1, 250, NULL),
(189, NULL, 4, 46, 'Siti', 11, '2010-08-18', 'female', 1, 0, 150, NULL),
(190, NULL, 3, 67, 'Leroy', 10, '2011-05-30', 'male', 1, 1, 350, NULL),
(191, NULL, 3, 10, 'Augustus', 4, '2017-08-22', 'male', 0, 1, 200, NULL),
(192, NULL, 17, 51, 'Shadow', 8, '2013-08-06', 'female', 1, 1, 200, NULL),
(193, NULL, 14, 26, 'Rockwell', 7, '2014-06-02', 'male', 1, 1, 200, NULL),
(194, NULL, 14, 48, 'Milburn', 2, '2019-08-08', 'male', 1, 0, 250, NULL),
(195, NULL, 7, 2, 'Wilson', 4, '2016-09-14', 'male', 0, 0, 150, NULL),
(196, NULL, 3, 36, 'Amelie', 11, '2009-11-28', 'female', 1, 0, 300, NULL),
(197, NULL, 14, 72, 'Nelson', 2, '2019-02-09', 'male', 0, 0, 200, NULL),
(198, NULL, 16, 20, 'Missy', 3, '2017-10-23', 'female', 0, 0, 300, NULL),
(199, NULL, 16, 17, 'Penny', 7, '2014-08-16', 'female', 0, 1, 150, NULL),
(200, NULL, 2, 51, 'Miller', 3, '2018-08-03', 'male', 1, 1, 250, NULL),
(201, NULL, 11, 67, 'Lula', 4, '2016-12-26', 'female', 0, 0, 300, NULL),
(202, NULL, 9, 68, 'Bailey', 6, '2014-11-16', 'male', 1, 1, 150, NULL),
(203, NULL, 1, 59, 'Hoover', 8, '2013-01-09', 'male', 1, 0, 350, NULL),
(204, NULL, 6, 12, 'Forrest', 6, '2015-03-04', 'male', 0, 0, 200, NULL),
(205, NULL, 15, 20, 'Gunner', 3, '2018-01-11', 'male', 1, 1, 300, NULL),
(206, NULL, 7, 36, 'Sally', 10, '2010-12-26', 'female', 1, 1, 200, NULL),
(207, NULL, 8, 42, 'Ashby', 7, '2014-05-09', 'male', 1, 0, 300, NULL),
(208, NULL, 2, 45, 'Fancy', 4, '2016-09-09', 'female', 1, 0, 350, NULL),
(209, NULL, 5, 17, 'Warren', 11, '2009-12-18', 'male', 1, 1, 200, NULL),
(210, NULL, 5, 49, 'Blondie', 11, '2010-07-23', 'female', 0, 0, 250, NULL),
(211, NULL, 2, 18, 'Sadie', 9, '2011-11-20', 'female', 0, 0, 250, NULL),
(212, NULL, 10, 31, 'Austin', 7, '2013-12-10', 'male', 0, 0, 350, NULL),
(213, NULL, 15, 54, 'Vera', 11, '2009-12-01', 'female', 0, 1, 150, NULL),
(214, NULL, 17, 20, 'Marley', 8, '2013-01-11', 'male', 1, 1, 350, NULL),
(215, NULL, 18, 4, 'Emory', 11, '2009-12-12', 'male', 1, 1, 300, NULL),
(216, NULL, 8, 71, 'James', 8, '2013-03-16', 'male', 0, 0, 150, NULL),
(217, NULL, 6, 34, 'Lily', 2, '2018-09-28', 'female', 1, 0, 250, NULL),
(218, NULL, 14, 52, 'Cecelia', 1, '2019-09-30', 'female', 1, 1, 250, NULL),
(219, NULL, 6, 27, 'Sissy', 8, '2012-12-15', 'female', 0, 1, 350, NULL),
(220, NULL, 9, 63, 'Otto', 1, '2019-10-02', 'male', 1, 1, 300, NULL),
(221, NULL, 1, 68, 'Coleman', 6, '2015-03-24', 'male', 1, 1, 300, NULL),
(222, NULL, 17, 74, 'Spencer', 6, '2014-09-26', 'male', 1, 0, 300, NULL),
(223, NULL, 12, 26, 'Lemuel', 7, '2014-03-12', 'male', 1, 0, 350, NULL),
(224, NULL, 7, 74, 'Nanette', 4, '2016-11-25', 'female', 0, 0, 150, NULL),
(225, NULL, 15, 61, 'Beans', 2, '2019-08-10', 'male', 1, 0, 150, NULL),
(226, NULL, 11, 52, 'Kane', 0, '2021-05-26', 'male', 0, 1, 350, NULL),
(227, NULL, 5, 28, 'Linus', 2, '2019-04-28', 'male', 1, 1, 350, NULL),
(228, NULL, 15, 76, 'Lars', 2, '2019-08-24', 'male', 0, 1, 150, NULL),
(229, NULL, 10, 34, 'Lexy', 11, '2010-05-21', 'female', 1, 0, 150, NULL),
(230, NULL, 1, 6, 'Daisy', 5, '2015-09-02', 'female', 0, 0, 300, NULL),
(231, NULL, 18, 14, 'Damien', 8, '2012-12-12', 'male', 1, 1, 300, NULL),
(232, NULL, 17, 19, 'Miley', 8, '2013-07-01', 'female', 0, 0, 150, NULL),
(233, NULL, 13, 40, 'Coraline', 8, '2012-12-07', 'female', 1, 1, 350, NULL),
(234, NULL, 12, 76, 'Matilda', 9, '2012-02-21', 'female', 0, 0, 350, NULL),
(235, NULL, 14, 2, 'Snoopy', 7, '2014-06-11', 'male', 0, 1, 150, NULL),
(236, NULL, 7, 19, 'Yasmin', 2, '2019-08-26', 'female', 0, 1, 150, NULL),
(237, NULL, 13, 36, 'Archie', 8, '2013-06-30', 'male', 1, 0, 250, NULL),
(238, NULL, 16, 30, 'Jackson', 5, '2016-01-26', 'male', 1, 1, 300, NULL),
(239, NULL, 1, 64, 'Kimmie', 11, '2009-12-28', 'female', 1, 0, 300, NULL),
(240, NULL, 14, 59, 'Hilton', 9, '2012-08-26', 'male', 1, 1, 350, NULL),
(241, NULL, 16, 9, 'Thea', 7, '2013-11-15', 'female', 0, 0, 350, NULL),
(242, NULL, 13, 53, 'Cherry', 7, '2014-05-01', 'female', 0, 0, 250, NULL),
(243, NULL, 10, 38, 'Vinnie', 9, '2012-02-06', 'male', 1, 1, 200, NULL),
(244, NULL, 13, 70, 'Alexander', 6, '2014-12-15', 'male', 1, 1, 200, NULL),
(245, NULL, 7, 3, 'Nina', 10, '2011-01-11', 'female', 0, 1, 200, NULL),
(246, NULL, 3, 77, 'Bea', 8, '2013-07-16', 'female', 1, 1, 350, NULL),
(247, NULL, 12, 67, 'Lady', 1, '2020-01-04', 'female', 1, 1, 150, NULL),
(248, NULL, 2, 77, 'Carmen', 2, '2019-02-20', 'female', 1, 0, 250, NULL),
(249, NULL, 9, 57, 'Sebastian', 11, '2009-12-12', 'male', 0, 1, 350, NULL),
(250, NULL, 13, 64, 'Evander', 4, '2016-12-14', 'male', 1, 1, 300, NULL),
(251, NULL, 7, 20, 'Eudora', 8, '2012-12-19', 'female', 1, 1, 300, NULL),
(252, NULL, 17, 60, 'Toto', 2, '2019-05-05', 'male', 1, 0, 150, NULL),
(253, NULL, 9, 5, 'Mario', 3, '2018-08-04', 'male', 0, 1, 300, NULL),
(254, NULL, 6, 52, 'Pandora', 7, '2013-09-27', 'female', 1, 1, 300, NULL),
(255, NULL, 6, 39, 'Annabell', 11, '2010-04-27', 'female', 1, 0, 250, NULL),
(256, NULL, 2, 39, 'Winifred', 2, '2019-05-19', 'female', 0, 0, 300, NULL),
(257, NULL, 4, 9, 'Muffin', 8, '2013-06-17', 'female', 0, 1, 250, NULL),
(258, NULL, 3, 10, 'Sarge', 1, '2020-03-05', 'male', 0, 1, 350, NULL),
(259, NULL, 9, 40, 'Hershey', 5, '2016-03-19', 'female', 1, 0, 300, NULL),
(260, NULL, 6, 59, 'Johnny', 9, '2011-12-23', 'male', 0, 0, 350, NULL),
(261, NULL, 16, 48, 'Haven', 11, '2009-11-13', 'female', 0, 0, 200, NULL),
(262, NULL, 2, 59, 'Stella', 2, '2018-12-20', 'female', 1, 0, 200, NULL),
(263, NULL, 5, 9, 'Owen', 11, '2010-06-14', 'male', 1, 0, 350, NULL),
(264, NULL, 15, 32, 'Margot', 4, '2016-08-28', 'female', 1, 0, 350, NULL),
(265, NULL, 14, 70, 'Everett', 11, '2010-07-22', 'male', 0, 1, 200, NULL),
(266, NULL, 4, 13, 'Milo', 11, '2010-08-05', 'male', 1, 1, 300, NULL),
(267, NULL, 12, 74, 'Nero', 9, '2012-08-14', 'male', 1, 1, 350, NULL),
(268, NULL, 6, 2, 'Electra', 9, '2012-02-01', 'female', 0, 1, 200, NULL),
(269, NULL, 3, 62, 'Benny', 1, '2019-10-18', 'male', 1, 0, 300, NULL),
(270, NULL, 11, 26, 'Chance', 1, '2019-12-04', 'female', 0, 1, 200, NULL),
(271, NULL, 15, 2, 'Stitch', 2, '2019-06-18', 'male', 1, 1, 250, NULL),
(272, NULL, 16, 12, 'Hunter', 10, '2011-05-20', 'male', 1, 0, 200, NULL),
(273, NULL, 7, 69, 'Flo', 7, '2014-03-02', 'female', 1, 1, 250, NULL),
(274, NULL, 9, 23, 'Sunny', 3, '2017-10-24', 'female', 1, 1, 250, NULL),
(275, NULL, 12, 30, 'Sedrick', 1, '2019-11-14', 'male', 0, 1, 300, NULL),
(276, NULL, 13, 70, 'Tank', 7, '2014-02-27', 'male', 0, 0, 150, NULL),
(277, NULL, 4, 9, 'Louie', 5, '2016-08-15', 'male', 0, 1, 350, NULL),
(278, NULL, 5, 74, 'Lincoln', 9, '2012-01-06', 'male', 1, 1, 200, NULL),
(279, NULL, 7, 13, 'Monroe', 6, '2014-08-31', 'male', 1, 0, 250, NULL),
(280, NULL, 5, 54, 'Mojo', 10, '2011-01-23', 'male', 1, 0, 150, NULL),
(281, NULL, 9, 19, 'Porter', 4, '2017-03-22', 'male', 1, 1, 200, NULL),
(282, NULL, 10, 32, 'Ralph', 4, '2017-01-15', 'male', 1, 0, 300, NULL),
(283, NULL, 12, 72, 'Genesis', 1, '2020-05-17', 'female', 0, 1, 300, NULL),
(284, NULL, 5, 19, 'Dottie', 11, '2010-02-15', 'female', 0, 1, 150, NULL),
(285, NULL, 17, 60, 'Rider', 7, '2014-05-01', 'male', 1, 1, 250, NULL),
(286, NULL, 10, 32, 'Maximillian', 5, '2016-08-12', 'male', 1, 0, 150, NULL),
(287, NULL, 2, 19, 'Mazie', 10, '2011-03-10', 'female', 0, 0, 200, NULL),
(288, NULL, 12, 55, 'Luther', 3, '2018-06-23', 'male', 1, 1, 250, NULL),
(289, NULL, 8, 63, 'London', 11, '2009-09-05', 'female', 1, 0, 150, NULL),
(290, NULL, 5, 69, 'Taco', 10, '2010-12-23', 'male', 1, 0, 250, NULL),
(291, NULL, 4, 22, 'Gilbert', 1, '2019-09-10', 'male', 1, 1, 300, NULL),
(292, NULL, 9, 24, 'Jonas', 7, '2014-06-06', 'male', 0, 0, 350, NULL),
(293, NULL, 15, 3, 'Sigmund', 1, '2019-10-22', 'male', 1, 1, 250, NULL),
(294, NULL, 2, 34, 'Simba', 11, '2009-12-26', 'male', 0, 0, 250, NULL),
(295, NULL, 16, 36, 'Albert', 5, '2015-12-05', 'male', 0, 1, 300, NULL),
(296, NULL, 6, 26, 'Jordan', 6, '2015-07-17', 'female', 1, 0, 300, NULL),
(297, NULL, 8, 62, 'Oreo', 0, '2021-05-20', 'male', 0, 1, 200, NULL),
(298, NULL, 1, 18, 'Nikki', 2, '2019-05-17', 'female', 0, 0, 350, NULL),
(299, NULL, 16, 53, 'Blake', 10, '2011-05-26', 'male', 1, 0, 350, NULL),
(300, NULL, 10, 77, 'Rambo', 1, '2019-10-21', 'male', 1, 0, 150, NULL),
(301, NULL, 3, 35, 'Taylor', 7, '2013-12-25', 'female', 0, 0, 200, NULL),
(302, NULL, 4, 39, 'Candy', 11, '2009-09-13', 'female', 1, 0, 250, NULL),
(303, NULL, 9, 43, 'Leo', 11, '2010-06-04', 'male', 0, 0, 200, NULL),
(304, NULL, 7, 68, 'Angie', 4, '2017-03-30', 'female', 1, 1, 300, NULL),
(305, NULL, 11, 72, 'Mia', 9, '2011-09-29', 'female', 0, 1, 350, NULL),
(306, NULL, 11, 77, 'Nettie', 2, '2019-02-09', 'female', 1, 0, 200, NULL),
(307, NULL, 14, 67, 'Jewel', 4, '2017-03-18', 'female', 0, 0, 200, NULL),
(308, NULL, 12, 70, 'Carolina', 9, '2012-08-02', 'female', 1, 0, 150, NULL),
(309, NULL, 1, 77, 'Vixen', 4, '2017-02-09', 'female', 1, 0, 350, NULL),
(310, NULL, 18, 34, 'Leia', 7, '2013-11-25', 'female', 1, 1, 150, NULL),
(311, NULL, 13, 36, 'Willow', 6, '2014-11-30', 'female', 0, 1, 250, NULL),
(312, NULL, 10, 72, 'Eugene', 1, '2020-04-17', 'male', 0, 0, 200, NULL),
(313, NULL, 18, 24, 'Rocky', 5, '2016-01-05', 'male', 1, 1, 350, NULL),
(314, NULL, 11, 18, 'Geraldine', 6, '2015-07-26', 'female', 0, 0, 300, NULL),
(315, NULL, 10, 69, 'Frances', 0, '2021-08-20', 'female', 0, 0, 350, NULL),
(316, NULL, 1, 18, 'Mocha', 9, '2012-07-04', 'female', 1, 1, 350, NULL),
(317, NULL, 12, 30, 'Patsy', 6, '2015-02-26', 'female', 1, 0, 350, NULL),
(318, NULL, 14, 77, 'Liv', 3, '2018-07-29', 'female', 0, 1, 150, NULL),
(319, NULL, 10, 24, 'Ali', 4, '2016-10-17', 'male', 1, 1, 250, NULL),
(320, NULL, 10, 66, 'Tesla', 11, '2010-06-23', 'male', 1, 0, 150, NULL),
(321, NULL, 8, 40, 'Harry', 1, '2019-11-11', 'male', 0, 0, 200, NULL),
(322, NULL, 4, 60, 'Norris', 7, '2013-09-06', 'male', 1, 1, 200, NULL),
(323, NULL, 2, 42, 'Martin', 7, '2013-11-24', 'male', 0, 0, 250, NULL),
(324, NULL, 6, 53, 'Chief', 10, '2011-06-11', 'male', 1, 1, 300, NULL),
(325, NULL, 18, 53, 'Sam', 6, '2014-09-11', 'female', 0, 0, 300, NULL),
(326, NULL, 4, 24, 'Sienna', 7, '2014-03-03', 'female', 1, 1, 250, NULL),
(327, NULL, 2, 49, 'Vivi', 9, '2012-07-19', 'female', 1, 1, 200, NULL),
(328, NULL, 1, 14, 'Bowie', 7, '2014-03-30', 'male', 0, 0, 350, NULL),
(329, NULL, 4, 66, 'Sweetie', 11, '2010-01-14', 'female', 0, 0, 300, NULL),
(330, NULL, 12, 51, 'Layla', 4, '2017-02-06', 'female', 1, 0, 250, NULL),
(331, NULL, 9, 9, 'Mason', 7, '2013-09-24', 'male', 1, 1, 350, NULL),
(332, NULL, 5, 40, 'Harley', 3, '2018-01-21', 'female', 1, 0, 350, NULL),
(333, NULL, 15, 18, 'Kiara', 5, '2015-10-28', 'female', 1, 0, 300, NULL),
(334, NULL, 10, 33, 'Sage', 4, '2017-08-22', 'female', 0, 1, 250, NULL),
(335, NULL, 2, 34, 'Wade', 3, '2017-11-14', 'male', 1, 1, 150, NULL),
(336, NULL, 16, 14, 'Cora', 0, '2021-05-16', 'female', 1, 1, 300, NULL),
(337, NULL, 5, 55, 'Percival', 5, '2016-03-27', 'male', 0, 0, 350, NULL),
(338, NULL, 6, 46, 'Junior', 2, '2019-06-15', 'male', 1, 0, 150, NULL),
(339, NULL, 12, 33, 'Abby', 9, '2012-01-07', 'female', 1, 1, 250, NULL),
(340, NULL, 7, 51, 'Moe', 2, '2018-12-01', 'male', 0, 0, 250, NULL),
(341, NULL, 6, 46, 'Peggy', 9, '2012-06-01', 'female', 0, 1, 350, NULL),
(342, NULL, 8, 74, 'Lassie', 9, '2012-06-26', 'female', 0, 1, 200, NULL),
(343, NULL, 4, 61, 'Shiloh', 10, '2011-02-14', 'male', 0, 0, 200, NULL),
(344, NULL, 15, 18, 'Noel', 0, '2020-11-23', 'female', 1, 1, 350, NULL),
(345, NULL, 2, 21, 'AJ', 0, '2020-09-20', 'male', 1, 1, 300, NULL),
(346, NULL, 14, 46, 'Bertha', 6, '2014-10-20', 'female', 1, 1, 150, NULL),
(347, NULL, 14, 29, 'Dana', 0, '2021-02-25', 'female', 0, 0, 300, NULL),
(348, NULL, 3, 20, 'Malia', 6, '2015-02-26', 'female', 0, 1, 200, NULL),
(349, NULL, 6, 40, 'Blue', 8, '2012-09-01', 'male', 1, 1, 150, NULL),
(350, NULL, 16, 49, 'Boomer', 8, '2013-04-26', 'male', 0, 0, 150, NULL),
(351, NULL, 18, 48, 'Oliver', 1, '2020-04-06', 'male', 0, 0, 150, NULL),
(352, NULL, 1, 1, 'Faye', 9, '2012-03-31', 'female', 0, 1, 150, NULL),
(353, NULL, 17, 68, 'Maeve', 2, '2018-09-21', 'female', 0, 0, 150, NULL),
(354, NULL, 6, 15, 'Wyatt', 7, '2014-02-21', 'male', 0, 0, 200, NULL),
(355, NULL, 14, 64, 'Marty', 9, '2012-08-22', 'male', 0, 0, 350, NULL),
(356, NULL, 17, 17, 'Foxy', 5, '2015-12-23', 'female', 0, 1, 300, NULL),
(357, NULL, 18, 66, 'Fenton', 9, '2011-10-08', 'male', 1, 1, 150, NULL),
(358, NULL, 10, 67, 'Pippy', 11, '2009-10-31', 'female', 1, 0, 300, NULL),
(359, NULL, 14, 6, 'Adriana', 6, '2015-06-03', 'female', 1, 1, 250, NULL),
(360, NULL, 2, 57, 'Rosie', 4, '2017-08-27', 'female', 1, 0, 150, NULL),
(361, NULL, 3, 76, 'Jenna', 8, '2012-08-29', 'female', 0, 1, 150, NULL),
(362, NULL, 18, 44, 'Rylie', 9, '2011-12-17', 'female', 1, 1, 250, NULL),
(363, NULL, 13, 45, 'Ira', 3, '2018-02-05', 'male', 1, 1, 250, NULL),
(364, NULL, 1, 51, 'Yvonne', 11, '2010-04-28', 'female', 0, 0, 150, NULL),
(365, NULL, 3, 41, 'Hyatt', 4, '2016-11-02', 'male', 0, 0, 300, NULL),
(366, NULL, 9, 23, 'Zara', 3, '2017-10-11', 'female', 0, 1, 150, NULL),
(367, NULL, 18, 55, 'Zia', 5, '2016-02-06', 'female', 0, 0, 150, NULL),
(368, NULL, 6, 1, 'Emerson', 11, '2010-02-05', 'male', 1, 0, 300, NULL),
(369, NULL, 8, 29, 'Clara', 0, '2021-03-04', 'female', 1, 0, 200, NULL),
(370, NULL, 8, 51, 'Java', 3, '2017-11-14', 'male', 0, 1, 250, NULL),
(371, NULL, 6, 7, 'Reed', 0, '2020-09-06', 'male', 1, 0, 200, NULL),
(372, NULL, 7, 45, 'Bonnie', 3, '2018-03-04', 'female', 0, 0, 150, NULL),
(373, NULL, 7, 43, 'Edgar', 0, '2021-03-22', 'male', 0, 0, 150, NULL),
(374, NULL, 10, 55, 'Blanche', 6, '2015-01-21', 'female', 1, 0, 150, NULL),
(375, NULL, 14, 40, 'Toby', 2, '2018-08-31', 'male', 0, 1, 150, NULL),
(376, NULL, 12, 37, 'Valeria', 6, '2015-02-23', 'female', 1, 1, 250, NULL),
(377, NULL, 8, 77, 'Huck', 1, '2019-11-20', 'male', 1, 1, 250, NULL),
(378, NULL, 17, 37, 'Pixie', 7, '2014-06-22', 'female', 1, 1, 300, NULL),
(379, NULL, 6, 27, 'Rosalie', 6, '2015-03-29', 'female', 0, 0, 150, NULL),
(380, NULL, 9, 26, 'Sylvia', 7, '2014-05-28', 'female', 1, 0, 350, NULL),
(381, NULL, 12, 31, 'Grover', 0, '2021-08-02', 'male', 0, 1, 300, NULL),
(382, NULL, 6, 6, 'Duffy', 8, '2013-05-26', 'male', 1, 0, 300, NULL),
(383, NULL, 17, 63, 'Jamie', 9, '2012-04-28', 'female', 1, 0, 300, NULL),
(384, NULL, 13, 61, 'Aspen', 9, '2011-10-06', 'female', 1, 1, 250, NULL),
(385, NULL, 3, 49, 'Laney', 2, '2018-12-09', 'female', 0, 0, 250, NULL),
(386, NULL, 18, 24, 'Jasmine', 1, '2020-03-04', 'female', 0, 1, 300, NULL),
(387, NULL, 10, 62, 'Virginia', 0, '2021-03-15', 'female', 0, 0, 150, NULL),
(388, NULL, 15, 22, 'Noah', 6, '2015-04-03', 'male', 1, 1, 250, NULL),
(389, NULL, 15, 77, 'Mickey', 10, '2011-04-17', 'male', 1, 0, 300, NULL),
(390, NULL, 8, 15, 'Calvin', 10, '2010-11-25', 'male', 0, 1, 150, NULL),
(391, NULL, 8, 55, 'Foster', 0, '2021-08-05', 'male', 0, 1, 150, NULL),
(392, NULL, 15, 56, 'Roy', 7, '2014-05-26', 'male', 1, 1, 150, NULL),
(393, NULL, 2, 40, 'Angel', 10, '2011-07-09', 'female', 1, 0, 150, NULL),
(394, NULL, 4, 59, 'Precious', 4, '2016-12-17', 'female', 0, 0, 250, NULL),
(395, NULL, 13, 56, 'Kenya', 0, '2021-05-29', 'female', 0, 0, 350, NULL),
(396, NULL, 2, 47, 'Bandit', 2, '2019-04-19', 'male', 0, 0, 350, NULL),
(397, NULL, 3, 64, 'Wallace', 11, '2010-04-18', 'male', 0, 1, 300, NULL),
(398, NULL, 17, 56, 'Fritz', 3, '2017-11-03', 'male', 0, 0, 150, NULL),
(399, NULL, 6, 6, 'Abbott', 6, '2015-08-06', 'male', 1, 0, 350, NULL),
(400, NULL, 2, 49, 'Lydia', 7, '2013-11-28', 'female', 1, 1, 150, NULL),
(401, NULL, 2, 30, 'Clarence', 0, '2020-11-20', 'male', 1, 0, 200, NULL),
(402, NULL, 1, 50, 'Maverick', 7, '2014-06-01', 'male', 0, 1, 250, NULL),
(403, NULL, 8, 47, 'Elvis', 1, '2020-08-14', 'male', 1, 1, 200, NULL),
(404, NULL, 9, 69, 'Estelle', 7, '2014-02-07', 'female', 0, 0, 200, NULL),
(405, NULL, 2, 15, 'Edward', 7, '2014-04-07', 'male', 0, 0, 150, NULL),
(406, NULL, 14, 44, 'Niles', 7, '2013-11-05', 'male', 1, 1, 300, NULL),
(407, NULL, 7, 53, 'Bella', 5, '2016-01-29', 'female', 1, 1, 250, NULL),
(408, NULL, 7, 42, 'Betty', 9, '2012-05-04', 'female', 1, 0, 150, NULL),
(409, NULL, 4, 61, 'Eloise', 2, '2018-08-31', 'female', 0, 0, 300, NULL),
(410, NULL, 12, 7, 'Ollie', 11, '2010-07-13', 'male', 1, 1, 150, NULL),
(411, NULL, 1, 17, 'Major', 2, '2019-05-25', 'male', 0, 1, 300, NULL),
(412, NULL, 8, 55, 'Sammie', 7, '2014-07-10', 'female', 1, 1, 150, NULL),
(413, NULL, 3, 49, 'Millie', 4, '2017-08-07', 'female', 0, 0, 300, NULL),
(414, NULL, 4, 12, 'Koko', 0, '2021-02-17', 'female', 1, 0, 150, NULL),
(415, NULL, 9, 74, 'Skylar', 9, '2012-08-03', 'female', 0, 0, 200, NULL),
(416, NULL, 4, 18, 'Tiller', 2, '2019-02-04', 'male', 1, 0, 150, NULL),
(417, NULL, 15, 66, 'Scooter', 6, '2014-09-13', 'male', 1, 0, 150, NULL),
(418, NULL, 6, 59, 'Tobias', 8, '2012-09-15', 'male', 1, 0, 350, NULL),
(419, NULL, 13, 13, 'Camille', 0, '2021-07-10', 'female', 0, 0, 150, NULL),
(420, NULL, 16, 20, 'Aiden', 7, '2014-07-06', 'male', 1, 0, 300, NULL),
(421, NULL, 14, 52, 'Josie', 6, '2015-07-01', 'female', 1, 1, 250, NULL),
(422, NULL, 6, 54, 'Henry', 0, '2021-03-13', 'male', 1, 0, 300, NULL),
(423, NULL, 15, 75, 'Kate', 4, '2017-06-21', 'female', 0, 1, 350, NULL),
(424, NULL, 4, 61, 'Riley', 11, '2009-11-24', 'female', 1, 0, 350, NULL),
(425, NULL, 14, 29, 'Alexia', 9, '2012-03-14', 'female', 1, 0, 300, NULL),
(426, NULL, 1, 60, 'Chester', 4, '2016-12-03', 'male', 0, 0, 300, NULL),
(427, NULL, 4, 59, 'Pogo', 2, '2019-06-29', 'male', 1, 0, 150, NULL),
(428, NULL, 14, 64, 'Caesar', 11, '2009-11-05', 'male', 1, 0, 250, NULL),
(429, NULL, 2, 13, 'Lucky', 2, '2018-08-29', 'female', 0, 1, 200, NULL),
(430, NULL, 13, 33, 'Chico', 0, '2021-05-06', 'male', 1, 0, 300, NULL),
(431, NULL, 2, 59, 'Tootsie', 4, '2017-06-13', 'female', 0, 1, 250, NULL),
(432, NULL, 8, 65, 'Sassy', 1, '2020-03-02', 'female', 0, 1, 300, NULL),
(433, NULL, 1, 69, 'Poppy', 8, '2013-05-09', 'female', 0, 0, 250, NULL),
(434, NULL, 9, 45, 'Andre', 8, '2013-03-29', 'male', 1, 0, 350, NULL),
(435, NULL, 14, 64, 'Olive', 0, '2020-11-30', 'female', 0, 1, 150, NULL),
(436, NULL, 4, 62, 'Eli', 6, '2015-07-05', 'male', 1, 1, 350, NULL),
(437, NULL, 9, 70, 'Theo', 6, '2015-03-24', 'female', 1, 1, 150, NULL),
(438, NULL, 15, 49, 'Chica', 9, '2011-10-28', 'female', 1, 0, 300, NULL),
(439, NULL, 18, 18, 'Eva', 5, '2015-11-02', 'female', 1, 0, 350, NULL),
(440, NULL, 3, 45, 'Lawrence', 6, '2015-04-23', 'male', 0, 1, 250, NULL),
(441, NULL, 13, 5, 'Xena', 10, '2011-07-09', 'female', 1, 1, 250, NULL),
(442, NULL, 10, 42, 'Reese', 2, '2019-04-02', 'female', 1, 1, 200, NULL),
(443, NULL, 12, 39, 'Olivia', 1, '2019-10-14', 'female', 1, 1, 150, NULL),
(444, NULL, 9, 24, 'Pebbles', 2, '2018-10-13', 'female', 0, 1, 150, NULL),
(445, NULL, 7, 50, 'Theodore', 3, '2018-08-18', 'male', 1, 1, 150, NULL),
(446, NULL, 4, 36, 'Darius', 9, '2012-04-14', 'male', 0, 1, 250, NULL),
(447, NULL, 6, 9, 'Prince', 8, '2013-04-12', 'male', 1, 1, 150, NULL),
(448, NULL, 3, 71, 'Brady', 9, '2012-05-14', 'male', 0, 0, 150, NULL),
(449, NULL, 8, 21, 'Shadow', 1, '2020-03-14', 'male', 1, 0, 200, NULL),
(450, NULL, 6, 11, 'Blair', 8, '2013-08-01', 'female', 0, 0, 150, NULL),
(451, NULL, 1, 58, 'Bradley', 1, '2020-08-23', 'male', 0, 1, 200, NULL),
(452, NULL, 17, 17, 'George', 1, '2019-08-28', 'male', 1, 0, 150, NULL),
(453, NULL, 11, 67, 'Jane', 0, '2021-05-18', 'female', 0, 0, 150, NULL),
(454, NULL, 11, 51, 'Cher', 10, '2011-02-28', 'female', 0, 0, 150, NULL),
(455, NULL, 6, 65, 'Cadence', 2, '2019-05-25', 'male', 1, 0, 150, NULL),
(456, NULL, 18, 26, 'Hoss', 11, '2010-02-02', 'male', 0, 0, 300, NULL),
(457, NULL, 3, 14, 'June', 9, '2012-02-03', 'female', 1, 1, 300, NULL),
(458, NULL, 4, 76, 'Melina', 11, '2010-02-01', 'female', 0, 0, 300, NULL),
(459, NULL, 1, 62, 'Kilo', 11, '2009-12-28', 'male', 0, 0, 350, NULL),
(460, NULL, 12, 9, 'Sammy', 9, '2012-02-26', 'male', 1, 1, 250, NULL),
(461, NULL, 4, 22, 'Rio', 10, '2011-08-18', 'female', 0, 0, 300, NULL),
(462, NULL, 13, 29, 'Ginger', 0, '2021-01-26', 'female', 1, 0, 300, NULL),
(463, NULL, 14, 59, 'Edwin', 0, '2021-02-13', 'male', 1, 0, 200, NULL),
(464, NULL, 9, 50, 'Elsie', 8, '2013-02-07', 'female', 1, 0, 150, NULL),
(465, NULL, 2, 18, 'Parker', 3, '2018-06-23', 'female', 1, 1, 250, NULL),
(466, NULL, 2, 32, 'Barry', 10, '2011-06-13', 'male', 1, 0, 150, NULL),
(467, NULL, 11, 68, 'Shelton', 10, '2011-07-30', 'male', 0, 1, 350, NULL),
(468, NULL, 15, 19, 'Clarissa', 9, '2012-08-27', 'female', 1, 1, 150, NULL),
(469, NULL, 16, 1, 'Lola', 9, '2012-03-21', 'female', 0, 1, 300, NULL),
(470, NULL, 18, 30, 'Parker', 10, '2010-10-07', 'male', 1, 1, 350, NULL),
(471, NULL, 2, 75, 'Mara', 2, '2019-02-01', 'female', 0, 0, 350, NULL),
(472, NULL, 8, 28, 'Athena', 2, '2019-04-18', 'female', 1, 0, 250, NULL),
(473, NULL, 4, 60, 'Jefferson', 6, '2014-09-17', 'male', 1, 0, 250, NULL),
(474, NULL, 1, 32, 'Vince', 3, '2018-03-10', 'male', 0, 1, 300, NULL),
(475, NULL, 16, 4, 'Cheyenne', 4, '2017-02-22', 'female', 0, 1, 150, NULL),
(476, NULL, 11, 46, 'Brownie', 9, '2012-04-08', 'female', 1, 1, 300, NULL),
(477, NULL, 9, 24, 'Bambi', 8, '2013-03-26', 'female', 0, 0, 300, NULL),
(478, NULL, 5, 62, 'Lambert', 6, '2015-04-23', 'male', 0, 0, 350, NULL),
(479, NULL, 1, 32, 'Tristan', 11, '2009-12-05', 'male', 0, 0, 300, NULL),
(480, NULL, 5, 23, 'Agatha', 4, '2017-04-21', 'female', 1, 1, 250, NULL),
(481, NULL, 12, 32, 'Suki', 8, '2012-09-12', 'female', 1, 0, 150, NULL),
(482, NULL, 6, 59, 'Artie', 11, '2010-06-18', 'male', 0, 1, 200, NULL),
(483, NULL, 3, 17, 'Myra', 9, '2011-12-26', 'female', 1, 1, 250, NULL),
(484, NULL, 9, 17, 'Sasha', 6, '2015-07-14', 'female', 0, 1, 200, NULL),
(485, NULL, 4, 64, 'Fannie', 4, '2016-09-15', 'female', 0, 1, 150, NULL),
(486, NULL, 5, 45, 'Mort', 3, '2017-12-07', 'male', 0, 0, 300, NULL),
(487, NULL, 2, 9, 'Donnie', 10, '2010-10-06', 'male', 1, 1, 300, NULL),
(488, NULL, 17, 11, 'Bailey', 3, '2018-04-16', 'female', 1, 0, 350, NULL),
(489, NULL, 17, 74, 'Mika', 9, '2012-02-01', 'female', 0, 0, 300, NULL),
(490, NULL, 17, 16, 'Dora', 10, '2010-10-03', 'female', 0, 1, 250, NULL),
(491, NULL, 5, 61, 'Bertrand', 3, '2018-02-13', 'male', 0, 0, 350, NULL),
(492, NULL, 3, 64, 'Journey', 7, '2014-06-12', 'female', 1, 0, 150, NULL),
(493, NULL, 1, 50, 'Silas', 5, '2015-09-23', 'male', 0, 1, 300, NULL),
(494, NULL, 18, 37, 'Sandy', 4, '2016-11-30', 'female', 0, 0, 200, NULL),
(495, NULL, 5, 72, 'Etta', 8, '2012-10-29', 'female', 0, 1, 350, NULL),
(496, NULL, 3, 42, 'Penelope', 11, '2010-06-08', 'female', 0, 1, 300, NULL),
(497, NULL, 7, 22, 'Rusty', 2, '2019-05-05', 'male', 1, 1, 150, NULL),
(498, NULL, 18, 35, 'Hank', 6, '2014-10-10', 'male', 1, 0, 150, NULL),
(499, NULL, 14, 60, 'Lila', 10, '2011-07-03', 'female', 1, 0, 150, NULL),
(500, NULL, 15, 46, 'Nikita', 5, '2016-08-19', 'female', 1, 1, 350, NULL),
(501, NULL, 16, 30, 'Basil', 5, '2016-06-20', 'female', 1, 1, 350, NULL),
(502, NULL, 18, 28, 'Clement', 1, '2020-08-23', 'male', 1, 1, 250, NULL),
(503, NULL, 1, 26, 'Fantasia', 0, '2021-05-31', 'female', 0, 0, 200, NULL),
(504, NULL, 4, 5, 'Hudson', 6, '2015-03-29', 'male', 0, 0, 300, NULL),
(505, NULL, 3, 29, 'Brutus', 4, '2017-03-03', 'male', 0, 1, 150, NULL),
(506, NULL, 1, 66, 'Chase', 6, '2015-08-07', 'male', 1, 0, 250, NULL),
(507, NULL, 11, 56, 'Lyric', 2, '2019-02-08', 'female', 1, 1, 200, NULL),
(508, NULL, 14, 63, 'Isabella', 8, '2013-03-04', 'female', 1, 0, 200, NULL),
(509, NULL, 3, 10, 'Dolly', 2, '2018-12-25', 'female', 1, 1, 150, NULL),
(510, NULL, 16, 50, 'King', 8, '2012-12-29', 'male', 0, 1, 200, NULL),
(511, NULL, 16, 58, 'Leonard', 4, '2017-07-28', 'male', 0, 1, 350, NULL),
(512, NULL, 17, 76, 'Taz', 5, '2016-02-20', 'male', 0, 0, 300, NULL),
(513, NULL, 6, 44, 'Wren', 1, '2019-11-06', 'female', 1, 0, 350, NULL),
(514, NULL, 12, 12, 'Cassie', 9, '2011-11-28', 'female', 0, 0, 250, NULL),
(515, NULL, 9, 30, 'Kira', 4, '2016-11-03', 'female', 1, 0, 250, NULL),
(516, NULL, 5, 9, 'Ziggy', 0, '2021-04-16', 'male', 0, 1, 150, NULL),
(517, NULL, 7, 65, 'Mallory', 0, '2021-06-23', 'female', 1, 1, 200, NULL),
(518, NULL, 6, 13, 'Laika', 1, '2020-03-30', 'female', 1, 0, 300, NULL),
(519, NULL, 16, 53, 'Jag', 6, '2014-11-28', 'male', 1, 0, 150, NULL),
(520, NULL, 18, 73, 'Kay', 6, '2015-07-20', 'female', 0, 1, 300, NULL),
(521, NULL, 6, 4, 'Bessie', 11, '2009-08-31', 'female', 0, 1, 300, NULL),
(522, NULL, 18, 65, 'Ember', 1, '2019-11-24', 'female', 0, 1, 300, NULL),
(523, NULL, 18, 63, 'Jesse', 2, '2019-06-27', 'male', 1, 1, 250, NULL),
(524, NULL, 7, 53, 'CJ', 5, '2015-08-30', 'male', 1, 1, 200, NULL),
(525, NULL, 17, 65, 'Lovely', 3, '2018-03-29', 'female', 0, 1, 150, NULL),
(526, NULL, 12, 6, 'Zoe', 8, '2012-11-27', 'female', 0, 1, 250, NULL),
(527, NULL, 9, 15, 'Radar', 10, '2011-03-02', 'male', 0, 0, 250, NULL),
(528, NULL, 13, 73, 'Tessa', 11, '2010-06-09', 'female', 0, 1, 150, NULL),
(529, NULL, 10, 74, 'Cadence', 2, '2019-02-04', 'female', 1, 0, 350, NULL),
(530, NULL, 11, 77, 'Fang', 7, '2014-01-01', 'male', 1, 1, 200, NULL),
(531, NULL, 16, 68, 'Braxton', 3, '2018-06-15', 'male', 0, 1, 250, NULL),
(532, NULL, 1, 69, 'Thaddeus', 10, '2011-03-31', 'male', 1, 0, 350, NULL),
(533, NULL, 9, 66, 'Giselle', 3, '2018-05-01', 'female', 0, 0, 200, NULL),
(534, NULL, 4, 76, 'Joy', 10, '2010-09-28', 'female', 0, 0, 200, NULL),
(535, NULL, 12, 57, 'Margaret', 9, '2012-07-31', 'female', 1, 0, 250, NULL),
(536, NULL, 10, 39, 'Lacy', 4, '2016-11-30', 'female', 1, 0, 250, NULL),
(537, NULL, 17, 64, 'Melody', 11, '2009-11-29', 'female', 1, 1, 250, NULL),
(538, NULL, 2, 8, 'Gizmo', 1, '2020-03-01', 'male', 1, 1, 300, NULL),
(539, NULL, 5, 59, 'Pablo', 11, '2010-08-26', 'male', 0, 1, 350, NULL),
(540, NULL, 12, 58, 'Kona', 8, '2013-01-25', 'male', 0, 1, 150, NULL),
(541, NULL, 3, 2, 'Brandy', 0, '2020-09-17', 'female', 1, 0, 200, NULL),
(542, NULL, 6, 15, 'Thor', 9, '2012-05-19', 'male', 1, 0, 300, NULL),
(543, NULL, 3, 55, 'McKinley', 11, '2009-12-21', 'male', 0, 1, 300, NULL),
(544, NULL, 17, 60, 'Clover', 6, '2014-09-30', 'female', 0, 0, 350, NULL),
(545, NULL, 10, 19, 'Franklin', 8, '2012-11-10', 'male', 1, 0, 250, NULL),
(546, NULL, 3, 71, 'Pierce', 1, '2020-02-09', 'male', 1, 0, 350, NULL),
(547, NULL, 4, 38, 'Rebel', 8, '2012-09-24', 'male', 0, 1, 200, NULL),
(548, NULL, 18, 9, 'Whitney', 8, '2012-12-07', 'female', 1, 0, 250, NULL),
(549, NULL, 17, 17, 'Frida', 11, '2010-06-23', 'female', 1, 0, 300, NULL),
(550, NULL, 6, 34, 'Paris', 9, '2011-11-02', 'female', 0, 1, 350, NULL),
(551, NULL, 4, 75, 'Nora', 10, '2011-05-13', 'female', 0, 0, 350, NULL),
(552, NULL, 11, 42, 'Stanley', 7, '2014-04-10', 'male', 1, 1, 200, NULL),
(553, NULL, 6, 28, 'Meyer', 4, '2016-12-26', 'male', 0, 0, 350, NULL),
(554, NULL, 15, 72, 'Raven', 1, '2020-03-05', 'female', 0, 0, 200, NULL),
(555, NULL, 10, 48, 'Butch', 11, '2010-05-06', 'male', 0, 1, 300, NULL),
(556, NULL, 10, 3, 'Clifford', 3, '2017-10-08', 'male', 0, 0, 300, NULL),
(557, NULL, 14, 30, 'Nala', 8, '2012-10-24', 'female', 0, 0, 300, NULL),
(558, NULL, 15, 36, 'Susie', 7, '2013-11-27', 'female', 1, 0, 200, NULL),
(559, NULL, 6, 20, 'Edith', 4, '2017-04-21', 'female', 0, 0, 150, NULL),
(560, NULL, 14, 40, 'Odie', 5, '2016-03-10', 'male', 1, 0, 150, NULL),
(561, NULL, 4, 70, 'Victor', 9, '2012-05-14', 'male', 1, 1, 200, NULL),
(562, NULL, 3, 41, 'Lucky', 5, '2016-07-14', 'male', 1, 0, 200, NULL),
(563, NULL, 3, 31, 'Herman', 4, '2017-06-27', 'male', 0, 1, 250, NULL),
(564, NULL, 8, 11, 'Willa', 2, '2019-06-06', 'female', 1, 1, 250, NULL),
(565, NULL, 11, 62, 'Cookie', 9, '2012-07-29', 'female', 1, 0, 200, NULL),
(566, NULL, 5, 40, 'Karina', 5, '2016-02-08', 'female', 1, 0, 150, NULL),
(567, NULL, 8, 48, 'Diego', 11, '2010-04-05', 'male', 1, 0, 250, NULL),
(568, NULL, 12, 64, 'Socks', 8, '2012-12-18', 'male', 1, 1, 350, NULL),
(569, NULL, 2, 51, 'Bo', 0, '2021-02-19', 'male', 1, 1, 250, NULL),
(570, NULL, 7, 3, 'Ella', 7, '2013-12-14', 'female', 1, 1, 350, NULL),
(571, NULL, 11, 70, 'Scarlet', 1, '2020-07-08', 'female', 1, 0, 200, NULL),
(572, NULL, 6, 63, 'Fabio', 8, '2012-09-08', 'male', 0, 0, 300, NULL),
(573, NULL, 4, 41, 'Yukon', 3, '2017-10-03', 'male', 0, 0, 200, NULL),
(574, NULL, 6, 55, 'Mae', 4, '2016-12-14', 'female', 0, 1, 300, NULL),
(575, NULL, 15, 7, 'Francis', 2, '2019-04-30', 'male', 1, 0, 150, NULL),
(576, NULL, 17, 50, 'Shamus', 6, '2015-06-02', 'male', 1, 0, 350, NULL),
(577, NULL, 12, 7, 'Samson', 3, '2017-09-08', 'male', 0, 1, 250, NULL),
(578, NULL, 15, 71, 'Loki', 6, '2015-06-27', 'male', 0, 0, 350, NULL),
(579, NULL, 2, 66, 'Biscuit', 7, '2013-10-29', 'female', 0, 1, 250, NULL),
(580, NULL, 10, 15, 'Skip', 1, '2019-10-31', 'male', 1, 1, 250, NULL),
(581, NULL, 16, 38, 'Finley', 0, '2021-06-07', 'male', 0, 1, 200, NULL),
(582, NULL, 16, 63, 'Heath', 3, '2018-02-28', 'male', 1, 0, 250, NULL),
(583, NULL, 6, 3, 'Amos', 10, '2010-09-08', 'male', 1, 0, 250, NULL),
(584, NULL, 18, 9, 'Captain', 4, '2017-04-12', 'male', 1, 0, 300, NULL),
(585, NULL, 4, 28, 'Sydney', 6, '2014-11-29', 'female', 0, 0, 250, NULL),
(586, NULL, 11, 1, 'Davis', 7, '2014-03-29', 'male', 1, 0, 300, NULL),
(587, NULL, 3, 69, 'Hattie', 7, '2014-02-18', 'female', 1, 1, 150, NULL),
(588, NULL, 10, 37, 'Joey', 8, '2013-05-29', 'male', 0, 0, 350, NULL),
(589, NULL, 4, 45, 'Judge', 6, '2015-05-11', 'male', 1, 0, 350, NULL),
(590, NULL, 16, 11, 'Liberty', 7, '2014-07-29', 'female', 0, 0, 150, NULL),
(591, NULL, 15, 19, 'Frank', 5, '2016-05-31', 'male', 1, 1, 350, NULL),
(592, NULL, 17, 11, 'Ruth', 1, '2020-08-18', 'female', 1, 1, 200, NULL),
(593, NULL, 13, 44, 'Kelly', 2, '2019-02-10', 'female', 1, 0, 300, NULL),
(594, NULL, 17, 41, 'Naomi', 4, '2017-03-26', 'female', 1, 1, 200, NULL),
(595, NULL, 3, 44, 'Liam', 11, '2009-09-06', 'male', 0, 0, 300, NULL),
(596, NULL, 11, 29, 'Spot', 0, '2020-09-19', 'male', 1, 1, 300, NULL),
(597, NULL, 1, 18, 'Honey', 8, '2012-09-28', 'female', 1, 0, 350, NULL),
(598, NULL, 15, 31, 'Juliet', 5, '2015-10-03', 'female', 1, 1, 200, NULL),
(599, NULL, 10, 70, 'Broderick', 6, '2015-05-17', 'male', 1, 0, 350, NULL),
(600, NULL, 4, 41, 'Maximus', 2, '2019-03-14', 'male', 0, 1, 250, NULL),
(601, NULL, 11, 49, 'Aries', 4, '2017-06-30', 'male', 1, 0, 350, NULL),
(602, NULL, 12, 13, 'Dorothy', 7, '2014-07-08', 'female', 1, 1, 350, NULL),
(603, NULL, 3, 47, 'Conrad', 3, '2018-05-10', 'male', 0, 0, 150, NULL),
(604, NULL, 11, 3, 'Reese', 11, '2010-06-14', 'male', 0, 1, 200, NULL),
(605, NULL, 10, 67, 'Diva', 11, '2010-07-06', 'female', 1, 1, 150, NULL),
(606, NULL, 17, 46, 'Luke', 6, '2015-01-15', 'male', 1, 1, 150, NULL),
(607, NULL, 7, 14, 'Kiwi', 2, '2019-03-29', 'female', 0, 0, 150, NULL),
(608, NULL, 4, 43, 'Buzz', 2, '2018-11-13', 'male', 1, 1, 300, NULL),
(609, NULL, 6, 44, 'Madeline', 4, '2016-12-05', 'female', 0, 1, 200, NULL),
(610, NULL, 6, 63, 'Arthur', 8, '2013-06-16', 'male', 1, 0, 200, NULL),
(611, NULL, 16, 15, 'Carlton', 7, '2014-05-16', 'male', 0, 1, 300, NULL),
(612, NULL, 16, 1, 'Crawford', 10, '2010-11-02', 'male', 0, 0, 250, NULL),
(613, NULL, 15, 63, 'Teddy', 3, '2017-10-19', 'male', 1, 0, 250, NULL),
(614, NULL, 15, 1, 'Zelda', 8, '2013-07-18', 'female', 0, 0, 200, NULL),
(615, NULL, 9, 37, 'Sierra', 9, '2011-11-07', 'female', 0, 1, 300, NULL),
(616, NULL, 3, 53, 'Hugh', 8, '2012-10-22', 'male', 1, 1, 250, NULL),
(617, NULL, 14, 76, 'Dante', 5, '2015-12-03', 'male', 1, 1, 350, NULL),
(618, NULL, 18, 35, 'Mary', 4, '2017-08-25', 'female', 1, 1, 350, NULL),
(619, NULL, 7, 42, 'Delia', 0, '2020-11-05', 'female', 1, 1, 350, NULL),
(620, NULL, 14, 28, 'Vivienne', 5, '2016-03-04', 'female', 0, 0, 350, NULL),
(621, NULL, 15, 18, 'Hogan', 4, '2017-05-12', 'male', 0, 1, 300, NULL),
(622, NULL, 6, 31, 'Parley', 6, '2015-06-23', 'male', 1, 1, 150, NULL),
(623, NULL, 14, 20, 'Opal', 6, '2014-12-10', 'female', 1, 1, 300, NULL),
(624, NULL, 12, 7, 'Iggy', 11, '2009-12-31', 'male', 1, 1, 300, NULL),
(625, NULL, 12, 29, 'Oakley', 7, '2013-09-15', 'male', 0, 0, 150, NULL),
(626, NULL, 10, 48, 'Amina', 2, '2018-12-28', 'female', 1, 0, 150, NULL),
(627, NULL, 6, 45, 'Libby', 9, '2011-09-04', 'female', 0, 1, 200, NULL),
(628, NULL, 4, 62, 'Billie', 0, '2021-08-16', 'female', 0, 1, 150, NULL),
(629, NULL, 16, 30, 'Sue', 6, '2015-06-13', 'female', 1, 0, 350, NULL),
(630, NULL, 14, 58, 'Birdie', 2, '2019-01-10', 'female', 1, 1, 300, NULL),
(631, NULL, 9, 26, 'Carla', 7, '2013-10-31', 'female', 0, 0, 250, NULL),
(632, NULL, 7, 67, 'Addie', 9, '2012-07-06', 'female', 1, 1, 250, NULL),
(633, NULL, 14, 31, 'Iris', 5, '2016-07-03', 'female', 1, 0, 300, NULL),
(634, NULL, 17, 42, 'Loretta', 4, '2016-11-28', 'female', 1, 1, 300, NULL),
(635, NULL, 12, 24, 'Leona', 11, '2010-08-25', 'female', 1, 0, 150, NULL),
(636, NULL, 8, 45, 'Kiki', 2, '2019-03-06', 'female', 0, 1, 250, NULL),
(637, NULL, 14, 66, 'Agnes', 6, '2014-08-30', 'female', 0, 1, 250, NULL),
(638, NULL, 15, 9, 'Coco', 6, '2014-09-22', 'female', 1, 0, 250, NULL),
(639, NULL, 5, 28, 'Buster', 2, '2018-12-13', 'male', 1, 0, 300, NULL),
(640, NULL, 16, 77, 'Silvia', 11, '2010-08-14', 'female', 1, 0, 200, NULL),
(641, NULL, 5, 61, 'Duke', 10, '2010-12-25', 'male', 0, 0, 200, NULL),
(642, NULL, 8, 36, 'Cameron', 7, '2014-08-20', 'female', 1, 1, 350, NULL),
(643, NULL, 3, 19, 'Alden', 1, '2020-03-17', 'male', 1, 1, 200, NULL),
(644, NULL, 13, 38, 'Lizzy', 11, '2010-08-25', 'female', 1, 1, 150, NULL),
(645, NULL, 2, 60, 'Darby', 10, '2010-11-02', 'male', 0, 0, 350, NULL),
(646, NULL, 6, 9, 'Star', 7, '2014-06-22', 'female', 0, 0, 350, NULL),
(647, NULL, 3, 74, 'Miranda', 9, '2012-06-07', 'female', 0, 0, 150, NULL),
(648, NULL, 12, 69, 'Amber', 8, '2013-07-04', 'female', 1, 0, 250, NULL),
(649, NULL, 12, 54, 'Ariel', 2, '2019-05-27', 'female', 0, 0, 250, NULL),
(650, NULL, 18, 57, 'Inez', 1, '2019-10-12', 'female', 1, 1, 250, NULL),
(651, NULL, 18, 65, 'Denver', 0, '2020-10-03', 'male', 0, 1, 150, NULL),
(652, NULL, 12, 58, 'Quinton', 11, '2009-12-08', 'male', 0, 0, 250, NULL),
(653, NULL, 17, 62, 'Kinsley', 5, '2016-02-02', 'female', 1, 1, 150, NULL),
(654, NULL, 9, 65, 'Rudolph', 5, '2016-07-12', 'male', 0, 1, 300, NULL),
(655, NULL, 14, 48, 'Wheeler', 2, '2019-03-01', 'male', 1, 0, 250, NULL),
(656, NULL, 13, 2, 'Ripley', 0, '2021-08-07', 'male', 0, 1, 200, NULL),
(657, NULL, 8, 76, 'Viola', 7, '2014-02-09', 'female', 0, 0, 150, NULL),
(658, NULL, 6, 64, 'Quinn', 1, '2020-01-27', 'female', 1, 0, 150, NULL),
(659, NULL, 1, 9, 'Grace', 2, '2019-07-22', 'female', 0, 1, 350, NULL),
(660, NULL, 18, 16, 'Miriam', 11, '2010-05-02', 'female', 1, 1, 300, NULL),
(661, NULL, 11, 38, 'Emery', 0, '2020-09-18', 'female', 1, 0, 300, NULL),
(662, NULL, 7, 21, 'Alex', 4, '2017-02-03', 'male', 1, 0, 150, NULL),
(663, NULL, 5, 62, 'Pepper', 2, '2018-11-09', 'female', 0, 1, 250, NULL),
(664, NULL, 7, 52, 'Remy', 2, '2018-12-01', 'male', 0, 1, 300, NULL),
(665, NULL, 12, 1, 'Domingo', 5, '2016-07-10', 'male', 1, 1, 200, NULL),
(666, NULL, 2, 73, 'Jessie', 7, '2014-01-21', 'female', 1, 1, 300, NULL),
(667, NULL, 6, 73, 'Lorelai', 6, '2015-05-04', 'female', 1, 1, 300, NULL),
(668, NULL, 1, 24, 'Griffin', 10, '2010-10-06', 'male', 1, 0, 150, NULL),
(669, NULL, 14, 57, 'Billy', 8, '2013-06-03', 'male', 0, 0, 350, NULL),
(670, NULL, 10, 44, 'Rose', 4, '2017-06-26', 'female', 0, 0, 200, NULL),
(671, NULL, 2, 24, 'Marilyn', 12, '2009-08-25', 'female', 0, 0, 250, NULL),
(672, NULL, 11, 42, 'Amari', 7, '2013-09-28', 'female', 1, 1, 350, NULL),
(673, NULL, 16, 9, 'Peach', 1, '2020-04-20', 'female', 0, 1, 300, NULL),
(674, NULL, 2, 29, 'Max', 1, '2019-12-03', 'male', 1, 0, 350, NULL),
(675, NULL, 3, 25, 'Asia', 4, '2017-02-06', 'female', 0, 1, 250, NULL),
(676, NULL, 2, 27, 'Wylie', 10, '2011-08-08', 'male', 0, 1, 350, NULL),
(677, NULL, 16, 67, 'Baby', 11, '2010-06-15', 'female', 1, 1, 350, NULL),
(678, NULL, 16, 22, 'Kendall', 6, '2015-08-08', 'female', 0, 0, 300, NULL),
(679, NULL, 13, 35, 'Blakely', 9, '2012-07-11', 'female', 1, 0, 300, NULL),
(680, NULL, 7, 24, 'Piper', 6, '2015-08-22', 'female', 0, 0, 350, NULL),
(681, NULL, 9, 10, 'Buddy', 10, '2011-04-06', 'male', 0, 1, 250, NULL),
(682, NULL, 15, 44, 'Gigi', 7, '2014-08-20', 'female', 0, 0, 250, NULL),
(683, NULL, 5, 61, 'Rowan', 4, '2016-12-25', 'female', 0, 1, 200, NULL),
(684, NULL, 1, 65, 'Jersey', 8, '2012-09-07', 'female', 1, 1, 300, NULL),
(685, NULL, 8, 41, 'Nia', 9, '2012-08-07', 'female', 0, 1, 300, NULL),
(686, NULL, 14, 60, 'Reggie', 6, '2015-04-07', 'male', 0, 1, 250, NULL),
(687, NULL, 8, 12, 'Fern', 6, '2015-07-23', 'female', 0, 1, 250, NULL),
(688, NULL, 15, 28, 'Wilbur', 0, '2021-03-24', 'male', 1, 1, 250, NULL),
(689, NULL, 15, 36, 'Harley', 6, '2015-07-05', 'male', 1, 0, 250, NULL),
(690, NULL, 10, 48, 'Gus', 6, '2015-04-04', 'male', 1, 1, 250, NULL),
(691, NULL, 12, 1, 'Cooper', 9, '2012-07-09', 'male', 0, 0, 350, NULL),
(692, NULL, 16, 68, 'Romeo', 7, '2013-09-23', 'male', 0, 1, 150, NULL),
(693, NULL, 12, 62, 'Scrappy', 9, '2012-07-29', 'male', 1, 0, 350, NULL),
(694, NULL, 11, 50, 'Cody', 2, '2019-06-10', 'male', 0, 1, 350, NULL),
(695, NULL, 18, 50, 'Marianna', 6, '2014-11-14', 'female', 1, 0, 150, NULL),
(696, NULL, 2, 32, 'Champ', 1, '2020-05-19', 'male', 0, 0, 150, NULL),
(697, NULL, 2, 22, 'Portia', 11, '2009-09-26', 'female', 1, 1, 250, NULL),
(698, NULL, 18, 60, 'Bubba', 11, '2010-01-22', 'male', 0, 0, 200, NULL),
(699, NULL, 10, 1, 'Lucinda', 4, '2017-01-25', 'female', 0, 0, 200, NULL),
(700, NULL, 10, 62, 'Hector', 2, '2018-12-27', 'male', 1, 0, 350, NULL),
(701, NULL, 16, 31, 'Adelaide', 9, '2011-12-18', 'female', 1, 0, 250, NULL),
(702, NULL, 15, 2, 'Polly', 1, '2020-03-27', 'female', 0, 0, 350, NULL),
(703, NULL, 4, 6, 'Bear', 5, '2016-01-23', 'male', 1, 0, 200, NULL);
INSERT INTO `dogs` (`dog_id`, `owner_id`, `shelter_id`, `breed_id`, `name`, `age`, `dob`, `gender`, `desexed`, `vaccinated`, `fee`, `adoption_date`) VALUES
(704, NULL, 17, 8, 'Jerry', 7, '2013-12-10', 'male', 0, 1, 200, NULL),
(705, NULL, 18, 9, 'Jackie', 10, '2011-01-10', 'female', 1, 1, 150, NULL),
(706, NULL, 18, 53, 'Effie', 4, '2017-06-16', 'female', 1, 1, 150, NULL),
(707, NULL, 13, 5, 'Walter', 6, '2014-10-01', 'male', 0, 1, 200, NULL),
(708, NULL, 9, 12, 'TJ', 10, '2011-08-02', 'male', 0, 0, 200, NULL),
(709, NULL, 6, 58, 'Ricky', 11, '2009-11-24', 'male', 0, 1, 250, NULL),
(710, NULL, 13, 26, 'Winnie', 6, '2014-09-09', 'female', 0, 0, 300, NULL),
(711, NULL, 18, 63, 'Dallas', 4, '2017-05-06', 'female', 1, 0, 200, NULL),
(712, NULL, 1, 28, 'Blaze', 7, '2014-08-28', 'male', 1, 1, 150, NULL),
(713, NULL, 3, 48, 'Jolene', 3, '2017-09-07', 'female', 1, 0, 250, NULL),
(714, NULL, 5, 2, 'Diesel', 8, '2013-01-31', 'male', 0, 0, 250, NULL),
(715, NULL, 5, 2, 'Tyler', 6, '2014-12-12', 'male', 0, 0, 350, NULL),
(716, NULL, 10, 20, 'Stuart', 10, '2011-08-22', 'male', 0, 0, 300, NULL),
(717, NULL, 11, 46, 'Edison', 0, '2020-12-13', 'male', 0, 0, 350, NULL),
(718, NULL, 2, 25, 'Regina', 8, '2013-05-16', 'female', 0, 1, 250, NULL),
(719, NULL, 2, 31, 'Angus', 4, '2016-12-30', 'male', 0, 1, 250, NULL),
(720, NULL, 17, 41, 'Luigi', 6, '2015-02-15', 'male', 1, 1, 200, NULL),
(721, NULL, 3, 42, 'Alice', 4, '2017-07-29', 'female', 1, 1, 250, NULL),
(722, NULL, 15, 43, 'Cash', 11, '2009-10-30', 'male', 1, 0, 300, NULL),
(723, NULL, 18, 64, 'Patch', 6, '2014-12-25', 'male', 1, 0, 150, NULL),
(724, NULL, 10, 6, 'Bucky', 1, '2019-12-10', 'male', 0, 0, 350, NULL),
(725, NULL, 18, 54, 'Colby', 4, '2017-05-13', 'male', 1, 0, 300, NULL),
(726, NULL, 10, 15, 'Raymond', 8, '2013-04-02', 'male', 0, 1, 200, NULL),
(727, NULL, 18, 70, 'Flash', 2, '2019-05-02', 'male', 1, 1, 250, NULL),
(728, NULL, 14, 42, 'Isla', 8, '2012-12-10', 'female', 0, 0, 300, NULL),
(729, NULL, 10, 19, 'Brody', 0, '2021-01-25', 'male', 0, 0, 150, NULL),
(730, NULL, 8, 17, 'Violet', 11, '2010-04-15', 'female', 1, 0, 350, NULL),
(731, NULL, 10, 52, 'Langston', 1, '2020-05-30', 'male', 0, 0, 350, NULL),
(732, NULL, 14, 18, 'Orson', 7, '2014-07-29', 'male', 1, 0, 250, NULL),
(733, NULL, 1, 57, 'Peanut', 0, '2021-03-27', 'male', 0, 1, 350, NULL),
(734, NULL, 10, 71, 'Pippa', 5, '2016-04-08', 'female', 0, 0, 150, NULL),
(735, NULL, 18, 48, 'Adelyn', 0, '2021-04-23', 'female', 0, 1, 150, NULL),
(736, NULL, 15, 30, 'Snookie', 6, '2014-09-10', 'female', 0, 0, 300, NULL),
(737, NULL, 17, 17, 'Baxter', 0, '2021-03-12', 'male', 1, 0, 300, NULL),
(738, NULL, 5, 10, 'Scout', 0, '2020-10-21', 'female', 0, 1, 200, NULL),
(739, NULL, 7, 59, 'Angelica', 0, '2020-10-07', 'female', 1, 1, 300, NULL),
(740, NULL, 16, 47, 'Beta', 1, '2020-08-01', 'male', 1, 0, 300, NULL),
(741, NULL, 5, 19, 'Leslie', 11, '2009-12-07', 'female', 1, 1, 150, NULL),
(742, NULL, 16, 36, 'Mackenzie', 3, '2018-04-24', 'female', 0, 0, 350, NULL),
(743, NULL, 12, 45, 'Harriet', 7, '2014-08-26', 'female', 0, 1, 300, NULL),
(744, NULL, 12, 39, 'John', 11, '2010-05-18', 'male', 0, 0, 250, NULL),
(745, NULL, 13, 51, 'Robert', 11, '2009-08-31', 'male', 0, 1, 250, NULL),
(746, NULL, 15, 37, 'Snowball', 11, '2009-10-29', 'female', 0, 1, 250, NULL),
(747, NULL, 17, 65, 'Starla', 11, '2009-10-17', 'female', 1, 1, 300, NULL),
(748, NULL, 8, 45, 'Payton', 8, '2012-10-24', 'female', 0, 1, 300, NULL),
(749, NULL, 7, 47, 'Kona', 6, '2015-04-04', 'female', 1, 0, 200, NULL),
(750, NULL, 10, 31, 'Dudley', 8, '2013-01-01', 'male', 1, 0, 150, NULL),
(751, NULL, 16, 77, 'Miles', 1, '2020-03-10', 'male', 0, 1, 150, NULL),
(752, NULL, 14, 72, 'Homer', 2, '2019-02-22', 'male', 0, 0, 350, NULL),
(753, NULL, 5, 29, 'Casey', 3, '2018-02-07', 'female', 0, 0, 150, NULL),
(754, NULL, 5, 62, 'Benson', 11, '2009-11-11', 'male', 0, 1, 150, NULL),
(755, NULL, 10, 69, 'Molly', 2, '2019-01-23', 'female', 0, 1, 150, NULL),
(756, NULL, 6, 19, 'Carter', 2, '2018-12-28', 'male', 1, 0, 300, NULL),
(757, NULL, 14, 40, 'Theo', 8, '2012-10-22', 'male', 1, 1, 150, NULL),
(758, NULL, 4, 72, 'Nash', 0, '2020-11-28', 'male', 0, 0, 200, NULL),
(759, NULL, 11, 59, 'Clementine', 10, '2010-11-11', 'female', 1, 0, 150, NULL),
(760, NULL, 14, 17, 'Macy', 8, '2012-12-31', 'female', 1, 0, 350, NULL),
(761, NULL, 1, 41, 'Hart', 8, '2013-07-23', 'male', 0, 1, 350, NULL),
(762, NULL, 2, 49, 'Kent', 10, '2011-02-17', 'male', 0, 1, 350, NULL),
(763, NULL, 5, 70, 'Kelsey', 1, '2020-06-12', 'female', 1, 1, 300, NULL),
(764, NULL, 11, 44, 'Pepper', 9, '2011-12-27', 'male', 0, 0, 300, NULL),
(765, NULL, 6, 39, 'Charlotte', 7, '2014-01-16', 'female', 0, 1, 200, NULL),
(766, NULL, 14, 25, 'Nellie', 2, '2018-12-08', 'female', 1, 1, 300, NULL),
(767, NULL, 7, 28, 'Charlie', 4, '2017-05-30', 'female', 1, 1, 250, NULL),
(768, NULL, 15, 73, 'Hallie', 9, '2012-03-25', 'female', 0, 1, 250, NULL),
(769, NULL, 3, 37, 'Geneva', 7, '2014-05-02', 'female', 1, 1, 250, NULL),
(770, NULL, 9, 76, 'Felecity', 1, '2020-01-28', 'female', 1, 1, 350, NULL),
(771, NULL, 9, 9, 'Enid', 5, '2016-07-04', 'female', 0, 0, 200, NULL),
(772, NULL, 6, 41, 'Priscilla', 9, '2011-09-10', 'female', 0, 1, 150, NULL),
(773, NULL, 6, 41, 'Serena', 2, '2019-03-22', 'female', 0, 0, 350, NULL),
(774, NULL, 3, 37, 'Ringo', 10, '2011-06-12', 'male', 0, 1, 150, NULL),
(775, NULL, 14, 15, 'Colin', 0, '2021-08-07', 'male', 0, 1, 350, NULL),
(776, NULL, 8, 17, 'Piper', 6, '2014-09-26', 'male', 1, 0, 250, NULL),
(777, NULL, 17, 7, 'Selena', 2, '2019-06-02', 'female', 0, 0, 250, NULL),
(778, NULL, 9, 71, 'Mandy', 6, '2014-11-14', 'female', 1, 0, 200, NULL),
(779, NULL, 18, 28, 'Bruce', 9, '2012-02-07', 'male', 1, 1, 300, NULL),
(780, NULL, 8, 2, 'Cleo', 0, '2021-03-06', 'female', 1, 1, 150, NULL),
(781, NULL, 1, 10, 'Brielle', 10, '2010-12-02', 'female', 1, 1, 350, NULL),
(782, NULL, 3, 17, 'Smokey', 4, '2016-09-01', 'male', 1, 1, 200, NULL),
(783, NULL, 11, 67, 'Trapper', 6, '2015-06-26', 'male', 0, 1, 250, NULL),
(784, NULL, 6, 15, 'Amelia', 9, '2012-03-18', 'female', 1, 0, 300, NULL),
(785, NULL, 8, 72, 'Twinkie', 0, '2020-11-16', 'female', 0, 0, 200, NULL),
(786, NULL, 15, 49, 'Sherwood', 1, '2020-03-15', 'male', 1, 1, 150, NULL),
(787, NULL, 13, 40, 'Indigo', 7, '2014-07-28', 'female', 0, 1, 350, NULL),
(788, NULL, 13, 31, 'Ives', 11, '2010-01-14', 'male', 0, 1, 350, NULL),
(789, NULL, 13, 20, 'Alistar', 5, '2015-10-01', 'male', 0, 1, 150, NULL),
(790, NULL, 18, 42, 'Lucille', 8, '2012-10-30', 'female', 0, 1, 200, NULL),
(791, NULL, 6, 33, 'Lane', 10, '2011-08-05', 'male', 1, 0, 150, NULL),
(792, NULL, 6, 53, 'Madison', 8, '2012-12-03', 'female', 1, 0, 150, NULL),
(793, NULL, 16, 18, 'Trudy', 0, '2021-03-07', 'female', 0, 1, 300, NULL),
(794, NULL, 14, 4, 'Emmy', 5, '2015-10-06', 'female', 1, 0, 150, NULL),
(795, NULL, 7, 38, 'Makayla', 9, '2011-10-06', 'female', 0, 1, 350, NULL),
(796, NULL, 10, 36, 'Kamila', 2, '2019-08-02', 'female', 1, 0, 250, NULL),
(797, NULL, 12, 77, 'Ruthie', 0, '2020-09-14', 'female', 1, 1, 250, NULL),
(798, NULL, 14, 77, 'Mac', 8, '2013-01-06', 'male', 0, 1, 250, NULL),
(799, NULL, 2, 4, 'Moxie', 6, '2015-03-17', 'female', 0, 1, 300, NULL),
(800, NULL, 15, 39, 'Zola', 6, '2015-04-21', 'female', 1, 0, 150, NULL),
(801, NULL, 15, 66, 'Buck', 10, '2011-06-16', 'male', 0, 1, 350, NULL),
(802, NULL, 3, 54, 'Bradford', 10, '2011-07-07', 'male', 1, 1, 350, NULL),
(803, NULL, 1, 61, 'Susannah', 11, '2010-04-28', 'female', 1, 1, 350, NULL),
(804, NULL, 14, 11, 'Apollo', 4, '2016-10-04', 'male', 1, 1, 250, NULL),
(805, NULL, 11, 2, 'Holly', 5, '2015-09-14', 'female', 1, 0, 200, NULL),
(806, NULL, 7, 59, 'Maple', 4, '2017-07-22', 'female', 1, 1, 350, NULL),
(807, NULL, 10, 73, 'Logan', 7, '2013-11-04', 'male', 0, 1, 350, NULL),
(808, NULL, 9, 53, 'Vernon', 7, '2013-11-23', 'male', 0, 0, 200, NULL),
(809, NULL, 1, 31, 'Ibby', 9, '2012-03-16', 'female', 0, 1, 350, NULL),
(810, NULL, 10, 53, 'Elena', 6, '2014-12-22', 'female', 1, 1, 200, NULL),
(811, NULL, 6, 70, 'Juno', 1, '2020-01-13', 'female', 1, 1, 200, NULL),
(812, NULL, 17, 6, 'Scout', 4, '2017-02-21', 'male', 0, 0, 300, NULL),
(813, NULL, 17, 1, 'Sophia', 0, '2021-06-11', 'female', 0, 1, 150, NULL),
(814, NULL, 6, 60, 'Princess', 10, '2010-11-20', 'female', 1, 0, 200, NULL),
(815, NULL, 12, 45, 'Jack', 1, '2020-07-11', 'male', 0, 0, 350, NULL),
(816, NULL, 16, 70, 'Lucia', 11, '2010-05-07', 'female', 1, 0, 250, NULL),
(817, NULL, 18, 31, 'Basil', 1, '2020-08-03', 'male', 0, 0, 300, NULL),
(818, NULL, 5, 2, 'Nico', 5, '2016-08-05', 'male', 0, 0, 250, NULL),
(819, NULL, 11, 55, 'Gretchen', 2, '2019-07-16', 'female', 1, 0, 300, NULL),
(820, NULL, 17, 33, 'Chloe', 4, '2017-02-28', 'female', 0, 0, 300, NULL),
(821, NULL, 18, 36, 'Eldon', 9, '2012-01-08', 'male', 1, 1, 250, NULL),
(822, NULL, 16, 27, 'Rosemary', 10, '2011-03-08', 'female', 1, 0, 350, NULL),
(823, NULL, 1, 50, 'Fido', 8, '2013-02-26', 'male', 1, 0, 250, NULL),
(824, NULL, 17, 53, 'Nacho', 2, '2019-05-31', 'male', 0, 1, 250, NULL),
(825, NULL, 12, 38, 'Aubrey', 2, '2018-12-19', 'female', 0, 0, 200, NULL),
(826, NULL, 3, 22, 'Adeline', 11, '2009-11-23', 'female', 0, 1, 200, NULL),
(827, NULL, 4, 56, 'Evie', 8, '2013-01-11', 'female', 1, 0, 250, NULL),
(828, NULL, 9, 5, 'Freddy', 0, '2020-10-24', 'male', 0, 0, 150, NULL),
(829, NULL, 13, 67, 'Maddie', 7, '2013-10-10', 'female', 0, 0, 250, NULL),
(830, NULL, 5, 34, 'Bennett', 5, '2016-08-25', 'male', 0, 0, 150, NULL),
(831, NULL, 5, 63, 'Norma', 3, '2018-01-22', 'female', 0, 1, 300, NULL),
(832, NULL, 13, 30, 'Newton', 9, '2012-07-09', 'male', 1, 1, 200, NULL),
(833, NULL, 18, 35, 'Kennedy', 5, '2016-05-24', 'female', 1, 1, 350, NULL),
(834, NULL, 6, 43, 'Sookie', 7, '2014-06-20', 'female', 0, 1, 350, NULL),
(835, NULL, 7, 36, 'Jacob', 2, '2019-07-18', 'male', 0, 0, 200, NULL),
(836, NULL, 5, 20, 'Rupert', 7, '2014-05-25', 'male', 0, 0, 150, NULL),
(837, NULL, 1, 13, 'Halle', 3, '2018-07-04', 'female', 0, 1, 350, NULL),
(838, NULL, 3, 49, 'Maude', 4, '2017-08-27', 'female', 0, 0, 150, NULL),
(839, NULL, 4, 76, 'Mccoy', 2, '2019-07-30', 'male', 1, 0, 250, NULL),
(840, NULL, 1, 72, 'Irene', 9, '2012-07-13', 'female', 1, 0, 300, NULL),
(841, NULL, 4, 14, 'Byron', 1, '2019-11-12', 'male', 1, 1, 300, NULL),
(842, NULL, 7, 51, 'Gia', 7, '2014-08-04', 'female', 1, 0, 350, NULL),
(843, NULL, 12, 33, 'Ozzy', 2, '2019-05-03', 'male', 0, 1, 350, NULL),
(844, NULL, 4, 49, 'Jethro', 3, '2017-09-23', 'male', 1, 0, 350, NULL),
(845, NULL, 16, 10, 'Cinnamon', 0, '2021-05-14', 'female', 0, 1, 150, NULL),
(846, NULL, 8, 20, 'Sherman', 5, '2016-06-05', 'male', 0, 1, 150, NULL),
(847, NULL, 17, 41, 'Lucy', 11, '2010-02-02', 'female', 1, 0, 350, NULL),
(848, NULL, 7, 40, 'Camilia', 8, '2013-04-05', 'female', 1, 0, 150, NULL),
(849, NULL, 1, 49, 'Abe', 11, '2010-07-30', 'male', 0, 1, 250, NULL),
(850, NULL, 4, 45, 'Brooklyn', 8, '2013-06-16', 'female', 1, 0, 200, NULL),
(851, NULL, 15, 53, 'Janelle', 3, '2017-10-21', 'female', 1, 1, 150, NULL),
(852, NULL, 10, 48, 'Gwen', 0, '2021-03-06', 'female', 1, 1, 300, NULL),
(853, NULL, 3, 32, 'Reuben', 10, '2011-01-29', 'male', 0, 0, 150, NULL),
(854, NULL, 12, 63, 'Karma', 4, '2016-11-18', 'female', 0, 0, 150, NULL),
(855, NULL, 1, 73, 'Goldie', 1, '2020-05-04', 'female', 1, 1, 200, NULL),
(856, NULL, 16, 30, 'Rocco', 11, '2010-05-14', 'male', 0, 1, 150, NULL),
(857, NULL, 10, 32, 'Spike', 3, '2017-12-13', 'male', 1, 0, 300, NULL),
(858, NULL, 1, 56, 'Hadley', 4, '2016-12-30', 'female', 0, 0, 300, NULL),
(859, NULL, 12, 48, 'Nell', 8, '2012-10-15', 'female', 1, 1, 250, NULL),
(860, NULL, 1, 56, 'Drew', 1, '2019-12-31', 'male', 1, 1, 250, NULL),
(861, NULL, 12, 57, 'Delilah', 11, '2010-05-27', 'female', 0, 1, 300, NULL),
(862, NULL, 10, 31, 'Jada', 6, '2015-03-25', 'female', 0, 0, 300, NULL),
(863, NULL, 12, 66, 'Frankie', 5, '2015-10-17', 'male', 1, 1, 200, NULL),
(864, NULL, 17, 76, 'Scooby', 10, '2011-01-07', 'male', 0, 1, 250, NULL),
(865, NULL, 3, 63, 'Daphne', 7, '2013-09-24', 'female', 0, 1, 150, NULL),
(866, NULL, 8, 71, 'Erin', 11, '2010-07-10', 'female', 1, 1, 250, NULL),
(867, NULL, 13, 64, 'Bronson', 8, '2013-02-18', 'male', 0, 0, 300, NULL),
(868, NULL, 10, 40, 'Mango', 2, '2018-10-30', 'female', 0, 1, 200, NULL),
(869, NULL, 14, 56, 'Hannah', 9, '2011-09-18', 'female', 0, 0, 150, NULL),
(870, NULL, 18, 31, 'Frederick', 9, '2011-12-23', 'male', 0, 0, 350, NULL),
(871, NULL, 6, 68, 'Murray', 4, '2017-02-14', 'male', 0, 1, 200, NULL),
(872, NULL, 15, 72, 'Alyssa', 1, '2020-06-15', 'female', 1, 1, 250, NULL),
(873, NULL, 13, 40, 'Brynn', 9, '2012-08-06', 'female', 1, 1, 350, NULL),
(874, NULL, 18, 38, 'Grady', 8, '2013-04-18', 'male', 1, 1, 350, NULL),
(875, NULL, 1, 70, 'Fifi', 1, '2019-09-09', 'female', 1, 0, 200, NULL),
(876, NULL, 13, 61, 'Sugar', 1, '2019-09-16', 'female', 1, 0, 200, NULL),
(877, NULL, 4, 64, 'Sam', 9, '2011-10-31', 'male', 1, 0, 300, NULL),
(878, NULL, 4, 32, 'Fonzi', 1, '2020-03-02', 'male', 1, 0, 300, NULL),
(879, NULL, 11, 69, 'Mimi', 9, '2012-01-28', 'female', 1, 1, 250, NULL),
(880, NULL, 16, 48, 'Jameson', 0, '2021-03-25', 'male', 0, 1, 250, NULL),
(881, NULL, 14, 25, 'Emmett', 8, '2013-03-11', 'male', 0, 1, 250, NULL),
(882, NULL, 4, 72, 'Kobe', 0, '2021-08-05', 'male', 1, 1, 150, NULL),
(883, NULL, 1, 17, 'Dusty', 1, '2019-09-19', 'male', 1, 1, 350, NULL),
(884, NULL, 6, 1, 'Ingrid', 2, '2018-12-22', 'female', 1, 0, 200, NULL),
(885, NULL, 1, 16, 'Koda', 3, '2018-05-03', 'male', 1, 0, 150, NULL),
(886, NULL, 12, 34, 'Mitzi', 0, '2021-01-22', 'female', 1, 1, 250, NULL),
(887, NULL, 5, 56, 'Paisley', 7, '2014-02-13', 'female', 0, 1, 250, NULL),
(888, NULL, 14, 26, 'Allie', 2, '2019-06-28', 'female', 1, 0, 300, NULL),
(889, NULL, 14, 40, 'Selma', 1, '2019-10-26', 'female', 1, 0, 350, NULL),
(890, NULL, 4, 43, 'Paige', 6, '2015-01-23', 'female', 1, 0, 150, NULL),
(891, NULL, 12, 55, 'Cain', 1, '2019-11-03', 'male', 1, 1, 250, NULL),
(892, NULL, 18, 33, 'Woody', 9, '2012-03-18', 'male', 0, 1, 150, NULL),
(893, NULL, 8, 42, 'Megan', 8, '2012-11-01', 'female', 1, 1, 300, NULL),
(894, NULL, 17, 14, 'Napoleon', 11, '2009-09-18', 'male', 0, 1, 300, NULL),
(895, NULL, 9, 5, 'Autumn', 7, '2013-09-20', 'female', 0, 1, 200, NULL),
(896, NULL, 8, 51, 'Brigham', 1, '2020-07-31', 'male', 0, 0, 250, NULL),
(897, NULL, 1, 12, 'Zuri', 4, '2017-02-25', 'female', 1, 0, 300, NULL),
(898, NULL, 14, 21, 'Dane', 9, '2012-07-12', 'male', 0, 0, 300, NULL),
(899, NULL, 4, 15, 'Rascal', 9, '2012-07-12', 'male', 0, 1, 250, NULL),
(900, NULL, 14, 13, 'Eddie', 9, '2012-02-08', 'male', 0, 1, 200, NULL),
(901, NULL, 9, 8, 'Fisher', 5, '2016-05-23', 'male', 1, 1, 250, NULL),
(902, NULL, 18, 26, 'Brogan', 11, '2010-01-05', 'male', 0, 1, 150, NULL),
(903, NULL, 15, 36, 'Ashley', 0, '2020-12-28', 'female', 1, 0, 150, NULL),
(904, NULL, 4, 58, 'Kallie', 3, '2018-05-17', 'female', 1, 1, 350, NULL),
(905, NULL, 4, 49, 'Gerald', 8, '2012-11-19', 'male', 0, 0, 250, NULL),
(906, NULL, 3, 15, 'Chewy', 2, '2019-03-13', 'male', 1, 1, 350, NULL),
(907, NULL, 13, 52, 'Louise', 3, '2018-08-26', 'female', 0, 1, 200, NULL),
(908, NULL, 14, 58, 'Tilly', 0, '2021-03-10', 'female', 1, 1, 150, NULL),
(909, NULL, 10, 39, 'Kendrick', 8, '2013-06-10', 'male', 1, 1, 350, NULL),
(910, NULL, 4, 57, 'Minnie', 2, '2019-01-21', 'female', 1, 0, 200, NULL),
(911, NULL, 16, 52, 'Cedric', 4, '2017-05-15', 'male', 1, 0, 200, NULL),
(912, NULL, 8, 76, 'Aero', 6, '2015-05-20', 'male', 0, 0, 150, NULL),
(913, NULL, 6, 72, 'Hazel', 5, '2015-12-05', 'female', 0, 0, 150, NULL),
(914, NULL, 14, 76, 'Norman', 0, '2021-01-08', 'male', 1, 0, 200, NULL),
(915, NULL, 8, 31, 'Bianca', 4, '2017-03-05', 'female', 0, 1, 250, NULL),
(916, NULL, 13, 73, 'Ghost', 0, '2021-04-15', 'male', 0, 0, 250, NULL),
(917, NULL, 10, 54, 'Lena', 9, '2012-07-14', 'female', 1, 1, 300, NULL),
(918, NULL, 16, 43, 'Murphy', 6, '2015-01-22', 'male', 0, 0, 200, NULL),
(919, NULL, 12, 14, 'Nova', 2, '2019-06-07', 'female', 0, 1, 300, NULL),
(920, NULL, 8, 22, 'Ivan', 7, '2013-12-30', 'male', 1, 0, 250, NULL),
(921, NULL, 13, 66, 'Moose', 6, '2014-11-01', 'male', 0, 1, 250, NULL),
(922, NULL, 17, 71, 'Overton', 4, '2017-07-15', 'male', 1, 0, 250, NULL),
(923, NULL, 2, 64, 'Michael', 0, '2021-01-08', 'male', 0, 0, 150, NULL),
(924, NULL, 18, 75, 'Phoebe', 4, '2016-12-12', 'female', 0, 0, 200, NULL),
(925, NULL, 1, 60, 'Ava', 8, '2012-10-29', 'female', 1, 1, 350, NULL),
(926, NULL, 10, 75, 'Gloria', 4, '2017-03-15', 'female', 1, 0, 350, NULL),
(927, NULL, 10, 23, 'Ike', 1, '2019-10-18', 'male', 0, 0, 350, NULL),
(928, NULL, 4, 72, 'Ace', 9, '2011-10-05', 'male', 0, 1, 200, NULL),
(929, NULL, 5, 74, 'Benji', 2, '2019-01-10', 'male', 1, 1, 250, NULL),
(930, NULL, 12, 66, 'Achilles', 5, '2016-04-22', 'male', 1, 0, 300, NULL),
(931, NULL, 13, 10, 'Karla', 0, '2020-11-16', 'female', 0, 1, 250, NULL),
(932, NULL, 7, 72, 'Jake', 10, '2011-07-29', 'male', 0, 0, 300, NULL),
(933, NULL, 6, 19, 'Dolores', 8, '2013-04-10', 'female', 1, 1, 200, NULL),
(934, NULL, 1, 42, 'Vaughn', 7, '2013-09-19', 'male', 1, 0, 350, NULL),
(935, NULL, 14, 48, 'Virgil', 4, '2017-05-19', 'male', 0, 0, 250, NULL),
(936, NULL, 17, 47, 'Shelby', 6, '2014-12-02', 'female', 0, 1, 300, NULL),
(937, NULL, 18, 62, 'Odin', 2, '2019-01-28', 'male', 0, 1, 350, NULL),
(938, NULL, 1, 26, 'Petey', 6, '2014-12-09', 'male', 0, 1, 200, NULL),
(939, NULL, 18, 44, 'Cecil', 10, '2011-05-12', 'male', 0, 0, 150, NULL),
(940, NULL, 2, 55, 'Bindi', 4, '2016-08-30', 'female', 1, 1, 300, NULL),
(941, NULL, 15, 25, 'Indy', 3, '2017-11-22', 'male', 1, 1, 350, NULL),
(942, NULL, 16, 40, 'Peanut', 8, '2013-06-12', 'female', 0, 1, 300, NULL),
(943, NULL, 18, 13, 'Maya', 10, '2011-05-27', 'female', 0, 0, 150, NULL),
(944, NULL, 11, 62, 'Shiloh', 2, '2018-12-15', 'female', 1, 1, 250, NULL),
(945, NULL, 5, 72, 'Gemma', 0, '2021-07-02', 'female', 1, 1, 200, NULL),
(946, NULL, 10, 57, 'Tiana', 7, '2014-08-03', 'female', 1, 0, 200, NULL),
(947, NULL, 13, 75, 'Georgia', 2, '2019-08-08', 'female', 0, 0, 200, NULL),
(948, NULL, 12, 52, 'Freeman', 2, '2019-02-10', 'male', 1, 0, 350, NULL),
(949, NULL, 3, 59, 'Dixie', 3, '2018-07-29', 'female', 1, 1, 200, NULL),
(950, NULL, 9, 58, 'Harper', 1, '2020-03-25', 'female', 0, 1, 250, NULL),
(951, NULL, 16, 59, 'Zane', 4, '2017-08-16', 'male', 0, 0, 250, NULL),
(952, NULL, 17, 42, 'Wally', 9, '2011-12-07', 'male', 1, 0, 350, NULL),
(953, NULL, 3, 26, 'Daniel', 6, '2014-12-11', 'male', 1, 1, 350, NULL),
(954, NULL, 6, 73, 'Phillip', 3, '2018-07-14', 'male', 0, 0, 250, NULL),
(955, NULL, 7, 18, 'Jet', 10, '2010-09-23', 'male', 0, 1, 250, NULL),
(956, NULL, 2, 42, 'Queen', 10, '2011-04-30', 'female', 1, 0, 150, NULL),
(957, NULL, 1, 20, 'Zeus', 1, '2020-03-22', 'male', 0, 1, 150, NULL),
(958, NULL, 10, 66, 'Clark', 5, '2015-09-29', 'male', 1, 0, 150, NULL),
(959, NULL, 2, 60, 'Sylvan', 2, '2018-12-14', 'male', 0, 1, 350, NULL),
(960, NULL, 14, 75, 'Smokey', 3, '2017-09-28', 'female', 1, 1, 300, NULL),
(961, NULL, 17, 64, 'Graham', 11, '2010-03-28', 'male', 1, 0, 250, NULL),
(962, NULL, 7, 27, 'Earl', 0, '2020-09-08', 'male', 0, 1, 300, NULL),
(963, NULL, 12, 14, 'Maguire', 10, '2010-11-16', 'male', 1, 0, 250, NULL),
(964, NULL, 12, 32, 'Mya', 5, '2016-07-08', 'female', 0, 1, 250, NULL),
(965, NULL, 9, 58, 'Doc', 7, '2014-07-26', 'male', 0, 1, 200, NULL),
(966, NULL, 5, 5, 'Levi', 11, '2010-06-02', 'male', 0, 0, 200, NULL),
(967, NULL, 15, 18, 'Carolyn', 9, '2011-11-08', 'female', 1, 1, 300, NULL),
(968, NULL, 8, 23, 'Roscoe', 5, '2016-06-19', 'male', 0, 1, 300, NULL),
(969, NULL, 14, 53, 'Winter', 10, '2010-10-15', 'female', 1, 1, 350, NULL),
(970, NULL, 11, 52, 'Gordy', 3, '2018-07-01', 'male', 0, 0, 300, NULL),
(971, NULL, 5, 32, 'Axel', 3, '2018-03-28', 'male', 0, 1, 150, NULL),
(972, NULL, 10, 55, 'Bingo', 8, '2013-08-22', 'male', 0, 1, 350, NULL),
(973, NULL, 6, 25, 'Peaches', 3, '2018-05-26', 'female', 0, 0, 350, NULL),
(974, NULL, 6, 44, 'Thornton', 11, '2009-11-08', 'male', 0, 0, 150, NULL),
(975, NULL, 11, 35, 'Alfie', 5, '2016-06-24', 'male', 0, 1, 200, NULL),
(976, NULL, 7, 38, 'Baron', 6, '2015-02-20', 'male', 1, 1, 300, NULL),
(977, NULL, 10, 46, 'Winston', 10, '2011-02-09', 'male', 1, 0, 350, NULL),
(978, NULL, 4, 76, 'Watson', 6, '2015-08-04', 'male', 1, 1, 350, NULL),
(979, NULL, 18, 51, 'Remy', 6, '2014-09-27', 'female', 0, 1, 250, NULL),
(980, NULL, 12, 11, 'Morris', 10, '2011-04-24', 'male', 1, 0, 350, NULL),
(981, NULL, 10, 73, 'Paco', 3, '2017-11-11', 'male', 0, 0, 200, NULL),
(982, NULL, 11, 58, 'Sheba', 0, '2021-01-21', 'female', 0, 1, 350, NULL),
(983, NULL, 14, 5, 'Rufus', 6, '2015-04-24', 'male', 1, 0, 150, NULL),
(984, NULL, 4, 26, 'Darlene', 7, '2014-01-22', 'female', 0, 1, 200, NULL),
(985, NULL, 12, 58, 'Edmund', 0, '2021-06-23', 'male', 0, 0, 250, NULL),
(986, NULL, 9, 36, 'Shirley', 5, '2016-01-15', 'female', 1, 1, 300, NULL),
(987, NULL, 6, 72, 'Betsy', 0, '2021-01-03', 'female', 1, 1, 150, NULL),
(988, NULL, 13, 45, 'Diamond', 6, '2015-05-18', 'female', 1, 1, 300, NULL),
(989, NULL, 10, 53, 'Mercer', 2, '2019-08-11', 'male', 0, 1, 300, NULL),
(990, NULL, 13, 7, 'Maisie', 10, '2011-06-15', 'female', 0, 0, 200, NULL),
(991, NULL, 1, 13, 'Perdia', 6, '2015-08-14', 'female', 1, 1, 150, NULL),
(992, NULL, 9, 41, 'Morgan', 8, '2013-04-12', 'female', 1, 1, 350, NULL),
(993, NULL, 12, 73, 'Easton', 11, '2010-08-05', 'male', 0, 1, 250, NULL),
(994, NULL, 10, 27, 'Titus', 1, '2019-11-12', 'male', 1, 0, 200, NULL),
(995, NULL, 11, 20, 'Jasper', 5, '2015-10-30', 'male', 0, 0, 300, NULL),
(996, NULL, 10, 44, 'Ada', 11, '2010-02-20', 'female', 1, 1, 300, NULL),
(997, NULL, 3, 17, 'Cosmo', 2, '2018-11-15', 'male', 0, 0, 150, NULL),
(998, NULL, 14, 15, 'Hawkeye', 9, '2012-07-19', 'male', 1, 0, 250, NULL),
(999, NULL, 1, 29, 'Carmela', 6, '2014-10-25', 'female', 1, 1, 300, NULL),
(1000, NULL, 14, 33, 'Elmer', 8, '2012-12-08', 'male', 0, 0, 150, NULL);

-- --------------------------------------------------------

--
-- Table structure for table `dog_breeds`
--

CREATE TABLE `dog_breeds` (
  `breed_id` int(11) NOT NULL,
  `Breed` varchar(64) NOT NULL,
  `height_low` int(11) NOT NULL,
  `height_high` int(11) NOT NULL,
  `weight_low` int(11) NOT NULL,
  `weight_high` int(11) NOT NULL,
  `height_class` int(11) NOT NULL,
  `weight_class` int(11) NOT NULL,
  `adult_cal_intake_low` int(11) NOT NULL,
  `adult_cal_intake_high` int(11) NOT NULL,
  `intelligence_desc` varchar(64) NOT NULL,
  `obey_perc` decimal(4,2) NOT NULL,
  `training_reps_low` int(11) NOT NULL,
  `training_reps_high` int(11) NOT NULL,
  `intelligence_class` int(11) NOT NULL,
  `adaptability_class` int(11) NOT NULL,
  `general_friendliness_class` int(11) NOT NULL,
  `apartment_living_class` int(11) NOT NULL,
  `family_affectionate_class` int(11) NOT NULL,
  `shedding_amount_class` int(11) NOT NULL,
  `dog_friendly_class` int(11) NOT NULL,
  `drooling_potential_class` int(11) NOT NULL,
  `ease_of_grooming_class` int(11) NOT NULL,
  `energy_level_class` int(11) NOT NULL,
  `exercise_needs_class` int(11) NOT NULL,
  `friendly_toward_strangers_class` int(11) NOT NULL,
  `general_health_class` int(11) NOT NULL,
  `good_for_novice_owners` int(11) NOT NULL,
  `incredibly_kid_friendly_class` int(11) NOT NULL,
  `intensity_class` int(11) NOT NULL,
  `potential_for_mouthiness_class` int(11) NOT NULL,
  `potential_for_playfulness_class` int(11) NOT NULL,
  `potential_for_weight_gain_class` int(11) NOT NULL,
  `prey_drive_class` int(11) NOT NULL,
  `sensitivity_class` int(11) NOT NULL,
  `size_class` int(11) NOT NULL,
  `tendency_to_bark_or_howl_class` int(11) NOT NULL,
  `tolerates_being_alone_class` int(11) NOT NULL,
  `tolerates_cold_weather_class` int(11) NOT NULL,
  `tolerates_hot_weather_class` int(11) NOT NULL,
  `wanderlust_potential_class` int(11) NOT NULL,
  `watchdog_class` int(11) NOT NULL,
  `type_of_dog` varchar(16) NOT NULL,
  `average_lifespan` decimal(5,2) NOT NULL,
  `genetic_conditions` varchar(256) NOT NULL,
  `genetic_diseases` varchar(256) NOT NULL,
  `lifetime_cost_class` int(11) NOT NULL,
  `average_lifespan_class` int(11) NOT NULL,
  `average_purchase_price_class` int(11) NOT NULL,
  `popularity_class` int(11) NOT NULL
) ENGINE=InnoDB DEFAULT CHARSET=utf8;

--
-- Dumping data for table `dog_breeds`
--

INSERT INTO `dog_breeds` (`breed_id`, `Breed`, `height_low`, `height_high`, `weight_low`, `weight_high`, `height_class`, `weight_class`, `adult_cal_intake_low`, `adult_cal_intake_high`, `intelligence_desc`, `obey_perc`, `training_reps_low`, `training_reps_high`, `intelligence_class`, `adaptability_class`, `general_friendliness_class`, `apartment_living_class`, `family_affectionate_class`, `shedding_amount_class`, `dog_friendly_class`, `drooling_potential_class`, `ease_of_grooming_class`, `energy_level_class`, `exercise_needs_class`, `friendly_toward_strangers_class`, `general_health_class`, `good_for_novice_owners`, `incredibly_kid_friendly_class`, `intensity_class`, `potential_for_mouthiness_class`, `potential_for_playfulness_class`, `potential_for_weight_gain_class`, `prey_drive_class`, `sensitivity_class`, `size_class`, `tendency_to_bark_or_howl_class`, `tolerates_being_alone_class`, `tolerates_cold_weather_class`, `tolerates_hot_weather_class`, `wanderlust_potential_class`, `watchdog_class`, `type_of_dog`, `average_lifespan`, `genetic_conditions`, `genetic_diseases`, `lifetime_cost_class`, `average_lifespan_class`, `average_purchase_price_class`, `popularity_class`) VALUES
(1, 'Akita', 66, 72, 36, 55, 2, 3, 1481, 2488, 'Average Working/Obedience Intelligence', '0.50', 26, 40, 3, 3, 2, 2, 5, 5, 1, 5, 1, 4, 4, 2, 4, 2, 1, 3, 3, 5, 4, 4, 5, 4, 5, 1, 5, 2, 4, 5, 'working', '10.16', 'hip problems', 'hip dysplasia', 3, 2, 2, 4),
(2, 'Bernese Mountain Dog', 58, 69, 38, 50, 2, 3, 1542, 2316, 'Excellent Working Dogs', '0.85', 5, 15, 5, 2, 5, 1, 5, 5, 3, 4, 3, 4, 3, 5, 1, 2, 5, 3, 5, 4, 4, 5, 4, 5, 4, 1, 5, 1, 3, 5, 'working', '7.56', 'meningitis, elbow + hip problems, complex immune disorder', 'Meningitis, Elbow dysplasia - OCD of the elbow, Hip dysplasia, Histiocytosis', 2, 1, 2, 5),
(3, 'Bloodhound', 60, 67, 36, 55, 2, 3, 1481, 2488, 'Lowest Degree of Working/Obedience Intelligence', '0.00', 81, 100, 1, 3, 5, 1, 5, 4, 5, 5, 1, 5, 5, 5, 3, 2, 5, 4, 5, 3, 3, 3, 4, 4, 4, 2, 3, 3, 5, 1, 'hound', '6.75', 'fatal stomach bloat, skin problems', 'Gastric dilatation-volvulus, Hip dysplasia', 1, 1, 1, 4),
(4, 'Borzoi', 66, 72, 31, 46, 2, 3, 1324, 2176, 'Lowest Degree of Working/Obedience Intelligence', '0.00', 81, 100, 1, 4, 4, 5, 4, 5, 4, 1, 4, 2, 2, 4, 4, 3, 3, 2, 3, 3, 2, 5, 5, 5, 2, 1, 4, 3, 4, 1, 'hound', '9.08', 'none', 'none', 2, 2, 1, 2),
(5, 'Bullmastiff', 63, 69, 45, 59, 2, 4, 1751, 2622, 'Fair Working/Obedience Intelligence', '0.30', 41, 80, 2, 3, 4, 3, 5, 1, 4, 5, 5, 2, 3, 3, 2, 2, 5, 4, 3, 5, 5, 3, 4, 5, 4, 2, 4, 2, 3, 5, 'working', '7.57', 'eye, hip problems', 'Entropion, Hip dysplasia', 1, 1, 2, 4),
(6, 'Great Dane', 81, 82, 54, 73, 3, 4, 2007, 3076, 'Average Working/Obedience Intelligence', '0.50', 26, 40, 3, 2, 5, 1, 5, 5, 5, 4, 5, 5, 5, 5, 4, 1, 5, 5, 2, 5, 2, 3, 5, 5, 4, 1, 2, 3, 3, 5, 'working', '6.96', 'heart, spinal, hip problems, fatal stomach bloat', 'Dilated cardiomyopathy, Cervical vertebral instability (Wobbler syndrome), Gastric dilatation-volvulus, Hip dysplasia', 1, 1, 2, 5),
(7, 'Great Pyrenees', 68, 82, 43, 55, 3, 3, 1692, 2488, 'Fair Working/Obedience Intelligence', '0.30', 41, 80, 2, 3, 4, 1, 5, 5, 4, 2, 4, 5, 5, 3, 2, 1, 4, 5, 2, 4, 4, 5, 4, 5, 5, 3, 5, 3, 5, 5, 'working', '10.00', 'hip problems', 'hip dysplasia', 5, 2, 1, 3),
(8, 'Irish Wolfhound', 71, 89, 40, 69, 3, 4, 1603, 2949, 'Average Working/Obedience Intelligence', '0.50', 26, 40, 3, 2, 5, 1, 5, 3, 5, 1, 3, 2, 4, 5, 1, 2, 5, 2, 3, 4, 3, 5, 3, 5, 1, 2, 4, 2, 3, 3, 'hound', '6.94', 'heart, liver, hip problems', 'Dilated cardiomyopathy, Hip dysplasia, Portosystemic shunt', 3, 1, 2, 3),
(9, 'Mastiff', 68, 77, 79, 87, 3, 5, 2671, 3509, 'Lowest Degree of Working/Obedience Intelligence', '0.00', 81, 100, 1, 2, 4, 2, 5, 3, 2, 5, 3, 3, 4, 2, 3, 1, 5, 3, 4, 4, 4, 2, 3, 5, 2, 3, 4, 1, 1, 5, 'working', '6.50', 'hip, heart problems', 'Hip dysplasia, Pulmonic stenosis', 1, 1, 1, 5),
(10, 'Rottweiler', 55, 69, 40, 50, 2, 3, 1603, 2316, 'Brightest Dogs', '0.95', 1, 4, 5, 2, 4, 2, 5, 4, 2, 4, 5, 4, 4, 4, 2, 1, 4, 4, 3, 5, 5, 4, 4, 3, 4, 1, 2, 3, 2, 5, 'working', '9.11', 'heart, elbow, hip problems', 'Subaortic stenosis, Elbow dysplasia - OCD of the elbow, Hip dysplasia', 3, 2, 2, 5),
(11, 'Saint Bernard', 63, 72, 49, 87, 2, 5, 1866, 3509, 'Fair Working/Obedience Intelligence', '0.30', 41, 80, 2, 3, 5, 3, 5, 4, 5, 5, 2, 3, 2, 5, 2, 2, 5, 2, 3, 4, 4, 1, 4, 5, 1, 1, 5, 1, 2, 3, 'working', '7.78', 'heart, hip disorders, fatal stomach bloat', 'Dilated cardiomyopathy, Gastric dilatation-volvulus, Hip dysplasia', 3, 1, 1, 4),
(12, 'Afghan Hound', 63, 69, 22, 28, 2, 2, 1023, 1499, 'Lowest Degree of Working/Obedience Intelligence', '0.00', 81, 100, 1, 4, 4, 5, 5, 4, 4, 1, 1, 5, 4, 2, 3, 3, 5, 2, 3, 4, 1, 5, 5, 4, 2, 2, 5, 5, 5, 1, 'hound', '11.92', 'none', 'none', 5, 3, 1, 3),
(13, 'Boxer', 53, 64, 29, 32, 2, 2, 1259, 1657, 'Average Working/Obedience Intelligence', '0.50', 26, 40, 3, 3, 4, 4, 5, 4, 3, 2, 5, 5, 5, 4, 2, 3, 4, 5, 2, 5, 4, 3, 4, 3, 3, 1, 2, 1, 3, 5, 'working', '8.81', 'eye, nerve, heart problems', 'Corneal dystrophy, Degenerative myelopathy, Dilated cardiomyopathy, Subaortic stenosis', 2, 2, 1, 5),
(14, 'Briard', 58, 69, 33, 35, 2, 2, 1387, 1772, 'Above Average Working Dogs', '0.70', 16, 25, 4, 3, 4, 3, 4, 1, 5, 1, 1, 4, 4, 2, 3, 3, 5, 4, 2, 4, 3, 3, 4, 4, 4, 3, 4, 3, 5, 5, 'herding', '11.17', 'hip problems', 'hip dysplasia', 3, 3, 1, 2),
(15, 'Chesapeake Bay Retriever', 53, 67, 24, 35, 2, 2, 1092, 1772, 'Above Average Working Dogs', '0.70', 16, 25, 4, 3, 3, 1, 5, 5, 1, 3, 5, 5, 5, 1, 4, 1, 3, 5, 3, 4, 4, 3, 3, 3, 3, 2, 4, 4, 4, 3, 'sporting', '9.48', 'hip problems', 'hip dysplasia', 2, 2, 1, 4),
(16, 'Clumber Spaniel', 48, 51, 15, 30, 2, 2, 768, 1579, 'Above Average Working Dogs', '0.70', 16, 25, 4, 4, 4, 5, 5, 5, 4, 5, 1, 3, 2, 3, 2, 5, 3, 1, 5, 5, 5, 5, 4, 3, 1, 2, 5, 2, 4, 3, 'sporting', '10.00', 'none', 'none', 2, 2, 2, 2),
(17, 'Doberman Pinscher', 66, 72, 27, 46, 2, 3, 1193, 2176, 'Brightest Dogs', '0.95', 1, 4, 5, 3, 3, 3, 5, 4, 1, 4, 5, 3, 3, 3, 1, 3, 3, 3, 2, 5, 3, 1, 5, 4, 1, 2, 1, 4, 2, 5, 'working', '10.33', 'heart, spine, blood clotting disorders', 'Dilated cardiomyopathy, Cervical vertebral instability (Wobbler syndrome), Intervertebral disk disease, von Willebrand\'s disease', 3, 2, 1, 5),
(18, 'English Setter', 58, 69, 20, 37, 2, 2, 953, 1848, 'Above Average Working Dogs', '0.70', 16, 25, 4, 3, 5, 1, 5, 3, 5, 2, 3, 4, 5, 5, 3, 3, 5, 2, 4, 5, 5, 5, 4, 3, 4, 1, 4, 3, 5, 3, 'sporting', '11.57', 'deafness, hip problems', 'deafness, hip dysplasia', 3, 3, 1, 3),
(19, 'German Shorthaired Pointer', 50, 69, 22, 37, 2, 2, 1023, 1848, 'Excellent Working Dogs', '0.85', 5, 15, 5, 2, 4, 1, 5, 2, 4, 2, 5, 5, 5, 3, 3, 2, 5, 3, 4, 5, 3, 5, 4, 3, 3, 1, 2, 4, 5, 3, 'sporting', '11.46', 'hip problems', 'hip dysplasia', 5, 3, 1, 5),
(20, 'German Wirehaired Pointer', 55, 67, 27, 32, 2, 2, 1193, 1657, 'Average Working/Obedience Intelligence', '0.50', 26, 40, 3, 3, 3, 2, 5, 2, 3, 2, 4, 5, 5, 2, 4, 3, 3, 4, 4, 5, 3, 4, 4, 4, 3, 2, 3, 4, 5, 5, 'sporting', '10.00', 'hip problems', 'hip dysplasia', 5, 2, 1, 3),
(21, 'Giant Schnauzer', 63, 72, 31, 35, 2, 2, 1324, 1772, 'Above Average Working Dogs', '0.70', 16, 25, 4, 2, 3, 1, 5, 4, 3, 1, 2, 5, 5, 2, 4, 1, 3, 2, 3, 5, 3, 4, 4, 4, 4, 2, 4, 2, 4, 5, 'working', '10.00', 'hip problems', 'hip dysplasia', 5, 2, 1, 3),
(22, 'Golden Retriever', 53, 61, 24, 35, 2, 2, 1092, 1772, 'Brightest Dogs', '0.95', 1, 4, 5, 3, 5, 2, 5, 5, 5, 4, 2, 5, 5, 5, 2, 3, 5, 2, 5, 5, 5, 3, 5, 3, 3, 1, 3, 3, 2, 3, 'sporting', '12.04', 'elbows, hips, eyes, heart', 'elbow dysplasia, hip dysplasia, retinal dysplasia, subaortic stenosis', 4, 3, 2, 5),
(23, 'Gordon Setter', 58, 69, 20, 37, 2, 2, 953, 1848, 'Above Average Working Dogs', '0.70', 16, 25, 4, 3, 3, 2, 5, 5, 2, 3, 2, 5, 5, 3, 4, 3, 3, 2, 3, 5, 3, 4, 4, 3, 5, 1, 4, 3, 4, 4, 'sporting', '11.10', 'hip problems', 'hip dysplasia', 3, 3, 1, 3),
(24, 'Greyhound', 68, 77, 27, 32, 3, 2, 1193, 1657, 'Average Working/Obedience Intelligence', '0.50', 26, 40, 3, 3, 5, 4, 5, 4, 4, 5, 5, 5, 5, 5, 4, 2, 5, 3, 4, 4, 5, 5, 5, 4, 2, 1, 1, 5, 5, 3, 'hound', '9.36', 'blood vessel disorders', 'familial vasculopathy', 2, 2, 2, 1),
(25, 'Irish Setter', 63, 69, 27, 32, 2, 2, 1193, 1657, 'Above Average Working Dogs', '0.70', 16, 25, 4, 3, 5, 1, 5, 4, 5, 2, 3, 5, 5, 5, 2, 3, 5, 3, 5, 5, 3, 5, 4, 4, 4, 2, 4, 3, 5, 3, 'sporting', '11.63', 'hip, eye problems', 'Hip dysplasia, Progressive retinal atrophy', 3, 3, 1, 3),
(26, 'Labrador Retriever', 53, 61, 24, 37, 2, 2, 1092, 1848, 'Brightest Dogs', '0.95', 1, 4, 5, 3, 5, 1, 5, 5, 5, 3, 5, 5, 5, 5, 3, 3, 5, 5, 5, 5, 5, 2, 5, 4, 4, 2, 3, 3, 3, 3, 'sporting', '12.04', 'elbows, hips, eyes', 'elbow dysplasia, hip dysplasia, retinal dysplasia', 4, 3, 1, 5),
(27, 'Rhodesian Ridgeback', 60, 69, 31, 39, 2, 3, 1324, 1922, 'Average Working/Obedience Intelligence', '0.50', 26, 40, 3, 3, 4, 1, 5, 4, 4, 1, 5, 4, 5, 3, 4, 2, 4, 4, 3, 5, 3, 5, 4, 4, 1, 2, 3, 3, 5, 3, 'hound', '9.10', 'birth defects, hip problems', 'dermoid sinus, Hip dysplasia', 2, 2, 2, 4),
(28, 'Scottish Deerhound', 71, 82, 34, 50, 3, 3, 1419, 2316, 'Average Working/Obedience Intelligence', '0.50', 26, 40, 3, 3, 4, 1, 5, 5, 2, 1, 2, 5, 5, 5, 3, 1, 4, 5, 4, 5, 4, 5, 3, 5, 1, 2, 4, 4, 4, 1, 'hound', '8.70', 'heart problems, fatal stomach bloat', 'Dilated cardiomyopathy, Gastric dilatation-volvulus', 3, 2, 1, 1),
(29, 'Australian Shepherd', 45, 59, 18, 28, 2, 2, 880, 1499, 'Average Working/Obedience Intelligence', '0.50', 26, 40, 3, 3, 4, 1, 5, 3, 5, 1, 1, 5, 5, 3, 2, 2, 4, 4, 4, 5, 4, 4, 5, 3, 4, 2, 4, 4, 5, 5, 'herding', '12.28', 'deafness, hip problems', 'deafness, hip dysplasia', 4, 3, 1, 5),
(30, 'Basset Hound', 35, 36, 18, 23, 1, 2, 880, 1293, 'Lowest Degree of Working/Obedience Intelligence', '0.00', 81, 100, 1, 3, 5, 5, 5, 4, 5, 4, 5, 2, 2, 5, 1, 4, 5, 2, 3, 2, 5, 5, 4, 2, 4, 3, 2, 2, 5, 1, 'hound', '11.43', 'blood, skin disorders', 'Platelet dysfunction (thrombocytopathia, Basset hound thrombopathia), seborrhea', 3, 3, 1, 4),
(31, 'Bearded Collie', 50, 56, 18, 28, 2, 2, 880, 1499, 'Above Average Working Dogs', '0.70', 16, 25, 4, 3, 5, 3, 5, 4, 5, 1, 2, 4, 4, 4, 3, 4, 4, 4, 3, 5, 4, 3, 4, 3, 3, 2, 4, 3, 5, 4, 'herding', '12.77', 'none', 'none', 3, 4, 1, 2),
(32, 'Border Collie', 48, 54, 18, 19, 2, 2, 880, 1121, 'Brightest Dogs', '0.95', 1, 4, 5, 3, 4, 2, 5, 3, 3, 1, 3, 5, 5, 5, 2, 2, 4, 3, 3, 5, 3, 3, 5, 3, 2, 1, 4, 4, 3, 5, 'herding', '12.52', 'eye problems, deafness', 'Collie eye anomaly, deafness', 3, 4, 1, 4),
(33, 'Bull Terrier', 53, 56, 22, 32, 2, 2, 1023, 1657, 'Fair Working/Obedience Intelligence', '0.30', 41, 80, 2, 3, 5, 4, 5, 3, 4, 1, 5, 4, 5, 5, 4, 4, 5, 5, 4, 5, 5, 4, 5, 2, 1, 2, 1, 4, 5, 5, 'terrier', '10.21', 'heart problems, zinc metabolism disorder', 'lethal acrodermatitis, Mitral valve dysplasia', 3, 2, 2, 4),
(34, 'Chow Chow', 48, 56, 20, 25, 2, 2, 953, 1377, 'Lowest Degree of Working/Obedience Intelligence', '0.00', 81, 100, 1, 3, 1, 3, 2, 1, 1, 3, 1, 2, 2, 1, 2, 2, 1, 2, 5, 1, 4, 2, 2, 4, 1, 5, 5, 2, 2, 3, 'non-sporting', '9.01', 'eye, hip problems', 'Entropion, Hip dysplasia', 2, 2, 1, 4),
(35, 'Dalmatian', 48, 59, 20, 32, 2, 2, 953, 1657, 'Above Average Working Dogs', '0.70', 16, 25, 4, 3, 4, 2, 5, 5, 4, 1, 5, 5, 5, 3, 4, 3, 4, 4, 2, 4, 4, 2, 4, 3, 2, 3, 3, 4, 4, 3, 'non-sporting', '11.27', 'deafness, urinary stones', 'Deafness, Urolithiasis (stones)', 3, 3, 1, 3),
(36, 'English Springer Spaniel', 50, 51, 20, 25, 2, 2, 953, 1377, 'Excellent Working Dogs', '0.85', 5, 15, 5, 3, 5, 1, 5, 3, 5, 1, 2, 5, 5, 4, 3, 3, 5, 3, 3, 5, 3, 5, 4, 3, 3, 1, 3, 4, 4, 3, 'sporting', '12.54', 'hip, eye, skin problems; enzyme deficiency', 'Hip dysplasia, Phosphofructokinase (PFK) deficiency, Retinal dysplasia, seborrhea', 4, 4, 1, 5),
(37, 'Field Spaniel', 45, 46, 15, 23, 2, 2, 768, 1293, 'Above Average Working Dogs', '0.70', 16, 25, 4, 3, 5, 1, 5, 3, 4, 1, 4, 5, 5, 4, 3, 3, 5, 3, 3, 5, 4, 4, 4, 2, 2, 1, 3, 4, 5, 3, 'sporting', '9.90', 'none', 'none', 2, 2, 1, 1),
(38, 'Finnish Spitz', 38, 51, 14, 16, 2, 1, 729, 985, 'Average Working/Obedience Intelligence', '0.50', 26, 40, 3, 3, 5, 3, 5, 4, 5, 1, 2, 5, 5, 3, 4, 3, 5, 4, 3, 5, 3, 3, 3, 3, 5, 1, 5, 3, 4, 3, 'non-sporting', '11.17', 'none', 'none', 3, 3, 1, 1),
(39, 'Irish Water Spaniel', 25, 59, 20, 30, 1, 2, 953, 1579, 'Excellent Working Dogs', '0.85', 5, 15, 5, 3, 5, 3, 5, 1, 4, 2, 3, 5, 5, 5, 2, 2, 5, 3, 3, 4, 3, 5, 4, 3, 4, 3, 4, 4, 3, 4, 'sporting', '9.33', 'hip problems', 'hip dysplasia', 3, 2, 1, 1),
(40, 'Keeshond', 43, 49, 15, 23, 2, 2, 768, 1293, 'Excellent Working Dogs', '0.85', 5, 15, 5, 4, 5, 4, 5, 5, 4, 1, 3, 4, 3, 4, 3, 4, 5, 3, 3, 5, 4, 3, 5, 3, 4, 1, 5, 3, 2, 4, 'non-sporting', '12.17', 'hip problems', 'hip dysplasia', 4, 3, 1, 3),
(41, 'Kerry Blue Terrier', 43, 54, 13, 21, 2, 1, 690, 1208, 'Above Average Working Dogs', '0.70', 16, 25, 4, 3, 4, 3, 4, 1, 2, 1, 2, 4, 5, 5, 3, 2, 4, 4, 4, 4, 3, 3, 3, 3, 4, 3, 4, 3, 3, 5, 'terrier', '9.40', 'heart problems', 'Patent ductus arteriosus (PDA)', 2, 2, 2, 2),
(42, 'Pharaoh Hound', 53, 64, 20, 25, 2, 2, 953, 1377, 'Above Average Working Dogs', '0.70', 16, 25, 4, 4, 5, 4, 5, 2, 5, 1, 4, 2, 4, 4, 5, 4, 5, 3, 4, 4, 3, 5, 5, 3, 4, 2, 1, 5, 4, 2, 'hound', '11.83', 'none', 'none', 3, 3, 1, 1),
(43, 'Pointer', 53, 61, 19, 30, 2, 2, 917, 1579, 'Average Working/Obedience Intelligence', '0.50', 26, 40, 3, 2, 5, 1, 5, 3, 5, 1, 5, 5, 5, 5, 3, 1, 5, 5, 5, 5, 3, 5, 3, 3, 3, 1, 2, 4, 5, 4, 'sporting', '12.42', 'hip problems', 'hip dysplasia', 5, 4, 1, 2),
(44, 'Portuguese Water Dog', 50, 59, 19, 28, 2, 2, 917, 1499, 'Above Average Working Dogs', '0.70', 16, 25, 4, 3, 5, 4, 5, 1, 5, 1, 2, 5, 5, 3, 4, 3, 5, 3, 5, 5, 3, 3, 4, 3, 3, 2, 4, 3, 3, 4, 'working', '11.42', 'none', 'none', 3, 3, 2, 4),
(45, 'Saluki', 58, 72, 15, 32, 2, 2, 768, 1657, 'Average Working/Obedience Intelligence', '0.50', 26, 40, 3, 2, 4, 1, 5, 2, 4, 1, 4, 5, 5, 1, 4, 2, 4, 2, 4, 5, 1, 5, 5, 4, 1, 1, 2, 3, 5, 3, 'hound', '12.00', 'none', 'none', 5, 3, 2, 2),
(46, 'Samoyed', 48, 61, 22, 30, 2, 2, 1023, 1579, 'Above Average Working Dogs', '0.70', 16, 25, 4, 3, 5, 2, 5, 5, 5, 2, 1, 5, 5, 5, 3, 2, 5, 2, 3, 5, 4, 5, 4, 3, 3, 2, 5, 1, 4, 4, 'working', '12.44', 'hip problems', 'hip dysplasia', 5, 4, 2, 3),
(47, 'Siberian Husky', 50, 59, 18, 28, 2, 2, 880, 1499, 'Average Working/Obedience Intelligence', '0.50', 26, 40, 3, 3, 5, 2, 5, 3, 5, 3, 2, 5, 5, 5, 4, 1, 5, 3, 4, 5, 2, 3, 4, 3, 5, 1, 5, 3, 5, 1, 'working', '12.58', 'none', 'none', 4, 4, 1, 5),
(48, 'Staffordshire Bull Terrier', 35, 41, 10, 13, 1, 1, 566, 843, 'Average Working/Obedience Intelligence', '0.50', 26, 40, 3, 2, 4, 3, 5, 3, 1, 3, 5, 3, 4, 5, 3, 1, 5, 3, 2, 5, 4, 2, 4, 2, 3, 2, 3, 1, 4, 3, 'terrier', '12.05', 'hip problems', 'hip dysplasia', 4, 3, 2, 3),
(49, 'Vizsla', 121, 168, 9, 12, 5, 1, 523, 794, 'Excellent Working Dogs', '0.85', 5, 15, 5, 3, 5, 1, 5, 2, 5, 1, 5, 5, 5, 5, 4, 3, 5, 4, 4, 5, 2, 2, 5, 3, 5, 1, 1, 4, 5, 3, 'sporting', '12.50', 'none', 'none', 5, 4, 2, 4),
(50, 'Welsh Springer Spaniel', 40, 49, 15, 21, 2, 2, 768, 1208, 'Above Average Working Dogs', '0.70', 16, 25, 4, 4, 4, 4, 5, 3, 4, 1, 4, 5, 5, 3, 4, 4, 5, 4, 3, 4, 4, 3, 5, 3, 5, 1, 4, 4, 5, 4, 'sporting', '12.49', 'hip problems', 'hip dysplasia', 3, 4, 1, 2),
(51, 'Australian Terrier', 25, 26, 4, 7, 1, 1, 285, 530, 'Above Average Working Dogs', '0.70', 16, 25, 4, 3, 3, 5, 4, 1, 2, 1, 5, 5, 4, 3, 5, 3, 3, 5, 1, 5, 3, 5, 2, 1, 5, 2, 3, 4, 4, 3, 'terrier', '11.05', 'none', 'none', 2, 3, 1, 2),
(52, 'Basenji', 43, 44, 9, 10, 1, 1, 523, 692, 'Lowest Degree of Working/Obedience Intelligence', '0.00', 81, 100, 1, 4, 5, 5, 5, 1, 4, 5, 5, 5, 5, 5, 2, 4, 5, 1, 5, 2, 2, 5, 3, 2, 1, 4, 1, 4, 5, 5, 'hound', '13.58', 'kidney, eye problems, anaemia', 'Fanconi syndrome, Persistent pupillary membranes (PPM), Pyruvate kinase (PK) deficiency', 4, 4, 2, 3),
(53, 'Beagle', 33, 41, 8, 14, 1, 1, 479, 891, 'Lowest Degree of Working/Obedience Intelligence', '0.00', 81, 100, 1, 3, 5, 4, 5, 3, 5, 1, 4, 4, 4, 5, 1, 3, 5, 5, 3, 5, 5, 5, 4, 2, 5, 1, 2, 4, 5, 1, 'hound', '12.30', 'heart problems', 'Pulmonic stenosis', 3, 3, 1, 5),
(54, 'Bedlington Terrier', 38, 41, 8, 11, 1, 1, 479, 744, 'Average Working/Obedience Intelligence', '0.50', 26, 40, 3, 4, 5, 4, 5, 5, 4, 1, 1, 4, 4, 5, 4, 4, 4, 2, 4, 5, 3, 5, 3, 3, 3, 3, 4, 3, 4, 3, 'terrier', '13.51', 'liver, eye problems', 'Chronic hepatitis, Retinal dysplasia', 4, 4, 2, 2),
(55, 'Bichon Frise', 24, 30, 4, 9, 1, 1, 285, 640, 'Average Working/Obedience Intelligence', '0.50', 26, 40, 3, 4, 5, 5, 5, 2, 4, 1, 1, 5, 3, 5, 4, 5, 4, 3, 3, 5, 4, 4, 5, 2, 2, 1, 3, 4, 2, 3, 'non-sporting', '12.21', 'none', 'none', 3, 3, 1, 4),
(56, 'Border Terrier', 30, 39, 5, 7, 1, 1, 337, 530, 'Above Average Working Dogs', '0.70', 16, 25, 4, 3, 4, 4, 5, 3, 2, 1, 2, 4, 5, 5, 4, 3, 4, 4, 5, 5, 5, 5, 3, 2, 1, 1, 4, 3, 4, 4, 'terrier', '14.00', 'none', 'none', 4, 4, 1, 3),
(57, 'Boston Terrier', 35, 39, 6, 12, 1, 1, 386, 794, 'Average Working/Obedience Intelligence', '0.50', 26, 40, 3, 4, 5, 5, 4, 2, 5, 1, 5, 4, 4, 4, 4, 4, 5, 5, 2, 5, 3, 2, 5, 2, 3, 3, 3, 2, 5, 3, 'non-sporting', '10.92', 'breathing problems', 'brachycephalic syndrome', 2, 3, 1, 5),
(58, 'Cairn Terrier', 22, 26, 6, 7, 1, 1, 386, 530, 'Above Average Working Dogs', '0.70', 16, 25, 4, 4, 5, 5, 5, 3, 4, 1, 5, 5, 4, 4, 4, 4, 5, 4, 3, 5, 3, 4, 3, 1, 4, 1, 4, 4, 3, 4, 'terrier', '13.84', '\'lion jaw\', heart problems', 'Craniomandibular osteopathy (\"lion jaw\"), Mitral valve dysplasia', 4, 4, 1, 4),
(59, 'Cavalier King Charles Spaniel', 25, 39, 6, 10, 1, 1, 386, 692, 'Average Working/Obedience Intelligence', '0.50', 26, 40, 3, 4, 5, 5, 5, 3, 5, 1, 4, 3, 4, 5, 4, 5, 5, 2, 3, 5, 4, 3, 5, 2, 3, 1, 3, 2, 2, 2, 'toy', '11.29', 'heart, spinal problems', 'Mitral valve dysplasia, Chiari-like malformation (CM) and syringomyelia (SM)', 3, 3, 2, 5),
(60, 'Dachshund', 17, 26, 7, 15, 1, 1, 433, 939, 'Average Working/Obedience Intelligence', '0.50', 26, 40, 3, 3, 3, 5, 4, 3, 3, 1, 3, 3, 3, 1, 2, 4, 5, 3, 4, 4, 5, 5, 4, 1, 5, 3, 1, 3, 5, 3, 'hound', '12.63', 'skin, spinal problems', 'acanthosis nigricans, Intervertebral disk disease', 3, 4, 1, 5),
(61, 'French Bulldog', 27, 31, 7, 13, 1, 1, 433, 843, 'Fair Working/Obedience Intelligence', '0.30', 41, 80, 2, 3, 4, 5, 5, 3, 4, 1, 5, 3, 2, 4, 2, 5, 4, 4, 3, 5, 4, 2, 3, 2, 3, 1, 2, 1, 2, 3, 'non-sporting', '9.00', 'none', 'none', 2, 2, 3, 5),
(62, 'Pug', 25, 28, 6, 10, 1, 1, 386, 692, 'Fair Working/Obedience Intelligence', '0.30', 41, 80, 2, 3, 4, 5, 5, 5, 4, 1, 5, 3, 3, 4, 1, 5, 4, 4, 2, 5, 5, 3, 3, 2, 2, 1, 2, 1, 2, 3, 'toy', '11.00', '\'dry eye\'', 'Keratoconjunctivitis sicca (KCS) - \"dry eye\"', 3, 3, 1, 5),
(63, 'Schipperke', 25, 34, 5, 9, 1, 1, 337, 640, 'Excellent Working Dogs', '0.85', 5, 15, 5, 3, 3, 4, 4, 3, 2, 1, 5, 5, 5, 2, 4, 4, 5, 3, 3, 5, 5, 2, 4, 1, 4, 3, 3, 2, 5, 3, 'non-sporting', '13.00', 'hair loss, diabetes, skin problems', 'colour dilution alopecia, Diabetes mellitus, Follicular dysplasias, Pemphigus', 3, 4, 1, 2),
(64, 'Sealyham Terrier', 30, 31, 8, 10, 1, 1, 479, 692, 'Fair Working/Obedience Intelligence', '0.30', 41, 80, 2, 4, 4, 4, 4, 4, 4, 3, 1, 4, 4, 3, 5, 4, 4, 2, 2, 4, 3, 2, 4, 2, 2, 2, 4, 3, 3, 3, 'terrier', '12.25', 'eye problems', 'Retinal dysplasia', 5, 3, 1, 1),
(65, 'Shiba Inu', 33, 41, 6, 14, 1, 1, 386, 891, 'Average Working/Obedience Intelligence', '0.50', 26, 40, 3, 4, 3, 5, 4, 4, 3, 1, 4, 4, 3, 3, 3, 4, 3, 2, 4, 3, 2, 3, 3, 2, 4, 5, 4, 3, 4, 4, 'non-sporting', '7.00', 'hip problems', 'hip dysplasia', 1, 1, 1, 4),
(66, 'Shih Tzu', 20, 28, 4, 8, 1, 1, 285, 586, 'Lowest Degree of Working/Obedience Intelligence', '0.00', 81, 100, 1, 3, 5, 5, 5, 3, 4, 1, 1, 2, 2, 5, 3, 5, 4, 3, 4, 4, 4, 4, 3, 1, 2, 3, 3, 1, 2, 3, 'toy', '13.20', 'eye problems', 'Exposure keratopathy syndrome (exophthalmos, lagophthalmos, and/or macroblepharon)', 4, 4, 1, 5),
(67, 'Skye Terrier', 25, 26, 11, 12, 1, 1, 608, 794, 'Fair Working/Obedience Intelligence', '0.30', 41, 80, 2, 4, 4, 4, 4, 3, 2, 1, 3, 3, 3, 5, 5, 4, 4, 4, 3, 4, 3, 4, 3, 2, 4, 2, 4, 4, 4, 4, 'terrier', '11.00', 'none', 'none', 3, 3, 1, 1),
(68, 'Tibetan Spaniel', 25, 26, 4, 7, 1, 1, 285, 530, 'Average Working/Obedience Intelligence', '0.50', 26, 40, 3, 3, 4, 5, 5, 3, 4, 1, 4, 3, 4, 3, 5, 4, 5, 3, 3, 4, 3, 3, 5, 1, 4, 1, 1, 2, 3, 4, 'non-sporting', '14.42', 'none', 'none', 5, 4, 2, 2),
(69, 'Tibetan Terrier', 35, 44, 9, 14, 1, 1, 523, 891, 'Fair Working/Obedience Intelligence', '0.30', 41, 80, 2, 4, 4, 5, 5, 1, 4, 1, 1, 5, 5, 3, 5, 3, 5, 4, 2, 5, 3, 2, 4, 2, 2, 1, 4, 4, 3, 3, 'non-sporting', '12.31', 'none', 'none', 3, 3, 2, 3),
(70, 'Whippet', 45, 56, 12, 14, 2, 1, 649, 891, 'Average Working/Obedience Intelligence', '0.50', 26, 40, 3, 3, 5, 5, 5, 2, 4, 1, 5, 5, 5, 4, 4, 3, 5, 2, 4, 5, 1, 5, 5, 3, 1, 2, 1, 4, 4, 3, 'hound', '12.87', 'none', 'none', 3, 4, 1, 4),
(71, 'Affenpinscher', 22, 31, 3, 6, 1, 1, 229, 472, 'Above Average Working Dogs', '0.70', 16, 25, 4, 3, 3, 5, 5, 1, 4, 1, 3, 4, 3, 3, 4, 4, 1, 3, 4, 4, 3, 3, 3, 1, 2, 1, 3, 3, 2, 1, 'toy', '11.42', 'none', 'none', 3, 3, 1, 1),
(72, 'Chihuahua', 15, 23, 0, 3, 1, 1, 0, 280, 'Fair Working/Obedience Intelligence', '0.30', 41, 80, 2, 3, 4, 5, 5, 2, 2, 1, 5, 3, 1, 2, 2, 4, 5, 2, 3, 4, 3, 3, 5, 1, 3, 1, 1, 2, 2, 2, 'toy', '16.50', 'knee problems', 'Patellar luxation', 5, 5, 1, 5),
(73, 'Italian Greyhound', 30, 39, 2, 5, 1, 1, 169, 411, 'Fair Working/Obedience Intelligence', '0.30', 41, 80, 2, 3, 5, 5, 5, 2, 4, 1, 5, 4, 4, 4, 3, 5, 5, 2, 4, 4, 2, 5, 5, 2, 3, 1, 1, 3, 3, 3, 'toy', '10.02', 'none', 'none', 2, 2, 1, 4),
(74, 'Japanese Chin', 20, 28, 1, 5, 1, 1, 100, 411, 'Fair Working/Obedience Intelligence', '0.30', 41, 80, 2, 3, 3, 5, 3, 3, 3, 1, 3, 2, 2, 4, 3, 4, 3, 1, 4, 4, 3, 3, 3, 1, 3, 1, 3, 2, 1, 3, 'toy', '9.25', 'none', 'none', 3, 2, 1, 3),
(75, 'Maltese', 20, 26, 1, 3, 1, 1, 100, 280, 'Fair Working/Obedience Intelligence', '0.30', 41, 80, 2, 3, 4, 5, 5, 2, 4, 1, 2, 3, 2, 2, 3, 5, 3, 3, 3, 4, 3, 4, 4, 1, 2, 1, 1, 3, 1, 3, 'toy', '12.25', 'heart problems', 'Patent ductus arteriosus (PDA)', 3, 3, 1, 5),
(76, 'Papillon', 20, 28, 2, 5, 1, 1, 169, 411, 'Brightest Dogs', '0.95', 1, 4, 5, 3, 4, 5, 5, 2, 4, 1, 3, 4, 5, 5, 3, 5, 3, 3, 3, 5, 3, 4, 3, 1, 2, 1, 2, 4, 1, 3, 'toy', '13.00', 'cataracts, hair loss, heart, eye, blood clotting disorders', 'Cataracts, Follicular dysplasias, Mitral valve dysplasia, Progressive retinal atrophy, von Willebrand\'s disease', 3, 4, 1, 4),
(77, 'Pomeranian', 30, 31, 1, 4, 1, 1, 100, 348, 'Excellent Working Dogs', '0.85', 5, 15, 5, 3, 3, 4, 5, 4, 2, 1, 2, 3, 2, 3, 3, 4, 2, 2, 2, 3, 4, 2, 4, 1, 5, 1, 4, 2, 1, 3, 'toy', '9.67', 'heart problems', 'Patent ductus arteriosus (PDA)', 2, 2, 1, 5);

-- --------------------------------------------------------

--
-- Table structure for table `favourite_breeds`
--

CREATE TABLE `favourite_breeds` (
  `user_id` int(11) NOT NULL,
  `breed_id` int(11) NOT NULL
) ENGINE=MyISAM DEFAULT CHARSET=utf8;

--
-- Dumping data for table `favourite_breeds`
--

INSERT INTO `favourite_breeds` (`user_id`, `breed_id`) VALUES
(1, 1),
(1, 29),
(1, 31),
(1, 46),
(1, 69);

-- --------------------------------------------------------

--
-- Table structure for table `favourite_dogs`
--

CREATE TABLE `favourite_dogs` (
  `user_id` int(11) NOT NULL,
  `dog_id` int(11) NOT NULL
) ENGINE=MyISAM DEFAULT CHARSET=utf8;

--
-- Dumping data for table `favourite_dogs`
--

INSERT INTO `favourite_dogs` (`user_id`, `dog_id`) VALUES
(1, 27),
(1, 183),
(1, 867),
(1, 996),
(5, 888),
(7, 849);

-- --------------------------------------------------------

--
-- Table structure for table `shelters`
--

CREATE TABLE `shelters` (
  `shelter_id` int(11) NOT NULL,
  `name` varchar(64) DEFAULT NULL,
  `address` varchar(256) DEFAULT NULL,
  `phone` varchar(16) DEFAULT NULL,
  `hours` varchar(256) DEFAULT NULL,
  `email` varchar(64) DEFAULT NULL
) ENGINE=InnoDB DEFAULT CHARSET=utf8;

--
-- Dumping data for table `shelters`
--

INSERT INTO `shelters` (`shelter_id`, `name`, `address`, `phone`, `hours`, `email`) VALUES
(1, 'RSPCA Brisbane', '139 Wacol Station Rd, Wacol Qld 4076', '07 3426 9999', '10am - 5pm (Wednesday to Saturday), 10am - 4pm (Sunday), Monday and Tuesday (CLOSED)', 'adoptions@rspcaqld.org.au'),
(2, 'RSPCA Bundaberg', '31 Doblo Street, Bundaberg Qld 4670', '07 4155 1736', '10am - 5pm (Wednesday to Saturday), 10am - 4pm (Sunday), Monday and Tuesday (CLOSED)', 'bundaberg@rspcaqld.org.au'),
(3, 'RSPCA Cairns', 'Cnr Greenbank and Arnold St, Cairns QLD 4870', '07 4055 1487', '10am - 5pm (Wednesday to Saturday), 10am - 4pm (Sunday), Monday and Tuesday', 'cairns@rspcaqld.org.au'),
(4, 'RSPCA Dakabin', 'Lot 3 Goodwin Road, Dakabin 4503', '07 3480 6450', '10am - 5pm (Wednesday to Saturday), 10am - 4pm (Sunday), Monday and Tuesday (CLOSED).', 'dakabin@rspcaqld.org.au'),
(5, 'RSPCA Gold Coast - Bundall', '116-118 Bundall Road, Bundall 4217 Qld', '07 3153 9750', '9am - 4:30pm (Monday to Saturday), 9am - 1pm (Sunday)', 'opshopenquiries@rspcaqld.org.au'),
(6, 'RSPCA Gold Coast - Labrador', '118 Brisbane Road, Labrador, 4215', '07 5529 1216', '9am - 4pm (Monday to Saturday), Sunday (CLOSED)', NULL),
(7, 'RSPCA Gympie', 'Lot 6 Laurenceson Road, Gympie 4570', '07 5482 9407', '10am - 5pm (Wednesday to Saturday), 10am - 4pm (Sunday), Monday and Tuesday (CLOSED)', 'gympie@rspcaqld.org.au'),
(8, 'RSPCA Ipswich', '6 Hooper St, West Ipswich, 4305', '07 3258 5680', '10am - 5pm (Wednesday to Saturday), 10am - 4pm (Sunday), Monday and Tuesday (CLOSED)', 'ipswich@rspcaqld.org.au'),
(9, 'RSPCA Kingaroy', '43 Warren Truss Drive, Kingaroy 4610', '07 4162 5501', '10am - 5pm (Wednesday to Saturday), 10am - 4pm (Sunday), Monday and Tuesday (CLOSED)', 'kingaroy@rspcaqld.org.au'),
(10, 'RSPCA Mackay', 'Cnr of Strickland Road and Mount Bassett Cemetery Road, Mackay Harbour, QLD 4740', '07 4944 1726', '10am - 5pm (Wednesday to Saturday), 10am', 'mackay@rspcaqld.org.au'),
(11, 'RSPCA Noosa', 'Cnr Hollett and Eumundi Rd, Noosaville QLD 4562', '07 5449 1371', '10am - 5pm (Wednesday to Saturday), 10am - 4pm (Sunday), Monday and', 'noosa@rspcaqld.org.au'),
(12, 'RSPCA Rockhampton', '391 Yaamba Road, North Rockhampton, Qld 4701', '07 4926 6633', '9am - 4.30pm (Monday to Friday), 9am - 4pm (Saturday), Sunday CLOSED', 'rockhamptonadoptions@rspcaqld.org.au'),
(13, 'RSPCA Toowoomba', 'Lot 75, Airport Drive, Wellcamp, Toowoomba QLD 4350', '07 4634 1304', '10am - 5pm (Wednesday to Saturday), 10am - 4pm (Sunday), Monday', 'toowoomba@rspcaqld.org.au'),
(14, 'RSPCA Underwood', '2926 Logan Road, Underwood QLD 4119', '07 3340 6500', '9am - 5.30pm (Monday to Friday), 9am - 5pm (Saturday & Sunday)', NULL),
(15, 'Gold Coast Animal Rehoming Centre', 'Shelter Road, Coombabah QLD 4216', '07 5509 9000', 'Tuesday to Saturday 12pm - 5pm', 'callcentre@awlqld.com.au'),
(16, 'Beenleigh Animal Rehoming Centre', '16 Rossmanns Road, Stapylton QLD 4208', '07 3807 3782', 'Monday to Sunday 10am - 4pm', 'beenleighrehoming@awlqld.com.au'),
(17, 'Willawong Animal Rehoming Centre', '501 Gooderham Road, Willawong QLD 4110', '07 3714 2800', 'Mon to Fri 12pm-6pm, Sat/Sun 10am-3pm', 'willawongshelter@awlqld.com.'),
(18, 'Warra Animal Rehoming Centre', '523 Telegraph Road, Bracken Ridge QLD 4017', '07 3631 6800', 'Mon to Fri 12pm-5pm, Sat/Sun 10am-3pm', 'warrashelter@awlqld.com.');

-- --------------------------------------------------------

--
-- Table structure for table `users`
--

CREATE TABLE `users` (
  `user_id` int(11) NOT NULL,
  `username` varchar(16) NOT NULL,
  `first_name` varchar(32) NOT NULL,
  `last_name` varchar(32) NOT NULL,
  `dob` date NOT NULL,
  `email` varchar(128) NOT NULL,
  `password` varchar(32) NOT NULL
) ENGINE=InnoDB DEFAULT CHARSET=utf8;

--
-- Dumping data for table `users`
--

INSERT INTO `users` (`user_id`, `username`, `first_name`, `last_name`, `dob`, `email`, `password`) VALUES
(1, 'mpowell', 'Matt', 'Powell', '2000-06-02', 'matt@mpowell.tech', 'SpeedyCar21'),
(2, 'john_smith99', 'John', 'Smith', '1985-01-01', 'jsmith@hotmail.com', 'Testing123'),
(3, 'rick_astley', 'Rick', 'Astley', '1966-02-06', 'rick.astley@gmail.com', 'NeverG0nnaGiveUUp'),
(4, 'test', 'Test', 'User', '2021-08-19', 'test@test.com', '1234'),
(5, 'johnsmith', 'John', 'Smith', '2007-07-07', 'john.smith@outlook.com', 'abcde'),
(7, 'johnsmith123', 'John', 'Smith', '2007-07-07', 'john.smith1@outlook.com', 'abcde');

--
-- Indexes for dumped tables
--

--
-- Indexes for table `breed_image`
--
ALTER TABLE `breed_image`
  ADD PRIMARY KEY (`image_id`);

--
-- Indexes for table `dogs`
--
ALTER TABLE `dogs`
  ADD PRIMARY KEY (`dog_id`);

--
-- Indexes for table `dog_breeds`
--
ALTER TABLE `dog_breeds`
  ADD PRIMARY KEY (`breed_id`);

--
-- Indexes for table `favourite_breeds`
--
ALTER TABLE `favourite_breeds`
  ADD PRIMARY KEY (`user_id`,`breed_id`);

--
-- Indexes for table `favourite_dogs`
--
ALTER TABLE `favourite_dogs`
  ADD PRIMARY KEY (`user_id`,`dog_id`);

--
-- Indexes for table `shelters`
--
ALTER TABLE `shelters`
  ADD PRIMARY KEY (`shelter_id`);

--
-- Indexes for table `users`
--
ALTER TABLE `users`
  ADD PRIMARY KEY (`user_id`),
  ADD UNIQUE KEY `username` (`username`),
  ADD UNIQUE KEY `email` (`email`);

--
-- AUTO_INCREMENT for dumped tables
--

--
-- AUTO_INCREMENT for table `breed_image`
--
ALTER TABLE `breed_image`
  MODIFY `image_id` int(11) NOT NULL AUTO_INCREMENT, AUTO_INCREMENT=386;

--
-- AUTO_INCREMENT for table `dogs`
--
ALTER TABLE `dogs`
  MODIFY `dog_id` int(11) NOT NULL AUTO_INCREMENT, AUTO_INCREMENT=1001;

--
-- AUTO_INCREMENT for table `dog_breeds`
--
ALTER TABLE `dog_breeds`
  MODIFY `breed_id` int(11) NOT NULL AUTO_INCREMENT, AUTO_INCREMENT=78;

--
-- AUTO_INCREMENT for table `shelters`
--
ALTER TABLE `shelters`
  MODIFY `shelter_id` int(11) NOT NULL AUTO_INCREMENT, AUTO_INCREMENT=27;

--
-- AUTO_INCREMENT for table `users`
--
ALTER TABLE `users`
  MODIFY `user_id` int(11) NOT NULL AUTO_INCREMENT, AUTO_INCREMENT=8;
COMMIT;

/*!40101 SET CHARACTER_SET_CLIENT=@OLD_CHARACTER_SET_CLIENT */;
/*!40101 SET CHARACTER_SET_RESULTS=@OLD_CHARACTER_SET_RESULTS */;
/*!40101 SET COLLATION_CONNECTION=@OLD_COLLATION_CONNECTION */;
